Workbook

Sheet Projects Tracker
A1: All Projects — Status Tracker
A2: Project | B2: Done | C2: In Progress / Pending | D2: Backlog / Not Started | E2: Total Tasks | F2: Overall Completion | G2: Status
A3: AI Agents (Mail Digest) | B3: ='AI Agents'!S6 -> 23 | C3: ='AI Agents'!S7 -> 6 | D3: ='AI Agents'!S8 -> 2 | E3: ='AI Agents'!S10 -> 31 | F3: ='AI Agents'!S9 -> 0.82488479 | G3: =IF(F3=1,"Complete",IF(F3>=0.5,"On Track","At Risk")) -> On Track
A4: SG Website | B4: ='SG Website Plan'!O5 -> 28 | C4: ='SG Website Plan'!O6 -> 2 | D4: ='SG Website Plan'!O7 -> 0 | E4: ='SG Website Plan'!O9 -> 30 | F4: ='SG Website Plan'!O8 -> 0.97333333 | G4: =IF(F4=1,"Complete",IF(F4>=0.5,"On Track","At Risk")) -> On Track
A5: Food Safety Program | B5: ='Food Safety Program'!Q2 -> 49 | C5: ='Food Safety Program'!Q3 -> 13 | D5: ='Food Safety Program'!Q4 -> 0 | E5: ='Food Safety Program'!Q6 -> 62 | F5: ='Food Safety Program'!Q5 -> 0.8891129 | G5: =IF(F5=1,"Complete",IF(F5>=0.5,"On Track","At Risk")) -> On Track
A6: C-SAT Survey | B6: ='C-SAT Survey'!P2 -> 57 | C6: ='C-SAT Survey'!P3 -> 0 | D6: ='C-SAT Survey'!P4 -> 8 | E6: ='C-SAT Survey'!P6 -> 65 | F6: ='C-SAT Survey'!P5 -> 0.87692308 | G6: =IF(F6=1,"Complete",IF(F6>=0.5,"On Track","At Risk")) -> On Track
A7: GPM&I Project | B7: ='GPM&I'!P2 -> 0 | C7: ='GPM&I'!P3 -> 77 | D7: ='GPM&I'!P4 -> 42 | E7: ='GPM&I'!P6 -> 119 | F7: ='GPM&I'!P5 -> 0.43137255 | G7: =IF(F7=1,"Complete",IF(F7>=0.5,"On Track","At Risk")) -> At Risk
A8: Trio Academy (LMS) Development | B8: ='Trio Academy(LMS)'!N2 -> 159 | C8: ='Trio Academy(LMS)'!N3 -> 2 | D8: ='Trio Academy(LMS)'!N4 -> 0 | E8: ='Trio Academy(LMS)'!N6 -> 161 | F8: ='Trio Academy(LMS)'!N5 -> 0.99378882 | G8: =IF(F8=1,"Complete",IF(F8>=0.5,"On Track","At Risk")) -> On Track
A9: TOTAL / OVERALL | B9: =SUM(B3:B8) -> 316 | C9: =SUM(C3:C8) -> 100 | D9: =SUM(D3:D8) -> 52 | E9: =SUM(E3:E8) -> 468 | F9: =AVERAGE(F3:F8) -> 0.83156925

Sheet Daily Progress
A1: DAILY PROGRESS DASHBOARD — ALL PROJECTS | M1: 14-DAY ROLLING WORKLOAD LOG
M2: Date | N2: Weekday | O2: Starting | P2: Due | Q2: Active | R2: Overdue Open
A3: Report Date | B3: =TODAY() -> 46275 | D3: Weekday | E3: =TEXT($B$3,"dddd") -> Thursday | M3: =$B$3-6 -> 46269 | N3: =TEXT($M3,"ddd") -> Fri | O3: =COUNTIFS('AI Agents'!$D$5:$D$36,$M3,'AI Agents'!$B$5:$B$36,"<>")+COUNTIFS('SG Website Plan'!$D$4:$D$41,$M3,'SG Website Plan'!$B$4:$B$41,"<>")+COUNTIFS('Food Safety Program'!$D$4:$D$69,$M3,'Food Safety Program'!$B$4:$B$69,"<>")+COUNTIFS('C-SAT Survey'!$D$4:$D$75,$M3,'C-SAT Survey'!$B$4:$B$75,"<>")+COUNTIFS('GPM&I'!$E$4:$E$115,$M3,'GPM&I'!$C$4:$C$115,"<>")+COUNTIFS('Trio Academy(LMS)'!$D$4:$D$164,$M3,'Trio Academy(LMS)'!$B$4:$B$164,"<>") -> 0 | P3: =COUNTIFS('AI Agents'!$E$5:$E$36,$M3,'AI Agents'!$B$5:$B$36,"<>")+COUNTIFS('SG Website Plan'!$E$4:$E$41,$M3,'SG Website Plan'!$B$4:$B$41,"<>")+COUNTIFS('Food Safety Program'!$E$4:$E$69,$M3,'Food Safety Program'!$B$4:$B$69,"<>")+COUNTIFS('C-SAT Survey'!$E$4:$E$75,$M3,'C-SAT Survey'!$B$4:$B$75,"<>")+COUNTIFS('GPM&I'!$F$4:$F$115,$M3,'GPM&I'!$C$4:$C$115,"<>")+COUNTIFS('Trio Academy(LMS)'!$E$4:$E$164,$M3,'Trio Academy(LMS)'!$B$4:$B$164,"<>") -> 0 | Q3: =COUNTIFS('AI Agents'!$D$5:$D$36,">0",'AI Agents'!$D$5:$D$36,"<="&$M3,'AI Agents'!$E$5:$E$36,">="&$M3,'AI Agents'!$B$5:$B$36,"<>")+COUNTIFS('SG Website Plan'!$D$4:$D$41,">0",'SG Website Plan'!$D$4:$D$41,"<="&$M3,'SG Website Plan'!$E$4:$E$41,">="&$M3,'SG Website Plan'!$B$4:$B$41,"<>")+COUNTIFS('Food Safety Program'!$D$4:$D$69,">0",'Food Safety Program'!$D$4:$D$69,"<="&$M3,'Food Safety Program'!$E$4:$E$69,">="&$M3,'Food Safety Program'!$B$4:$B$69,"<>")+COUNTIFS('C-SAT Survey'!$D$4:$D$75,">0",'C-SAT Survey'!$D$4:$D$75,"<="&$M3,'C-SAT Survey'!$E$4:$E$75,">="&$M3,'C-SAT Survey'!$B$4:$B$75,"<>")+COUNTIFS('GPM&I'!$E$4:$E$115,">0",'GPM&I'!$E$4:$E$115,"<="&$M3,'GPM&I'!$F$4:$F$115,">="&$M3,'GPM&I'!$C$4:$C$115,"<>")+COUNTIFS('Trio Academy(LMS)'!$D$4:$D$164,">0",'Trio Academy(LMS)'!$D$4:$D$164,"<="&$M3,'Trio Academy(LMS)'!$E$4:$E$164,">="&$M3,'Trio Academy(LMS)'!$B$4:$B$164,"<>") -> 58 | R3: =COUNTIFS('AI Agents'!$E$5:$E$36,"<"&$M3,'AI Agents'!$E$5:$E$36,">0",'AI Agents'!$N$5:$N$36,"<1")+COUNTIFS('SG Website Plan'!$E$4:$E$41,"<"&$M3,'SG Website Plan'!$E$4:$E$41,">0",'SG Website Plan'!$L$4:$L$41,"<1")+COUNTIFS('Food Safety Program'!$E$4:$E$69,"<"&$M3,'Food Safety Program'!$E$4:$E$69,">0",'Food Safety Program'!$O$4:$O$69,"<1")+COUNTIFS('C-SAT Survey'!$E$4:$E$75,"<"&$M3,'C-SAT Survey'!$E$4:$E$75,">0",'C-SAT Survey'!$M$4:$M$75,"<1")+COUNTIFS('GPM&I'!$F$4:$F$115,"<"&$M3,'GPM&I'!$F$4:$F$115,">0",'GPM&I'!$M$4:$M$115,"<1")+COUNTIFS('Trio Academy(LMS)'!$E$4:$E$164,"<"&$M3,'Trio Academy(LMS)'!$E$4:$E$164,">0",'Trio Academy(LMS)'!$L$4:$L$164,"<1") -> 20
A4: Portfolio Completion | B4: ='Projects Tracker'!F9 -> 0.83156925 | D4: Total Tasks | E4: ='Projects Tracker'!E9 -> 468 | M4: =M3+1 -> 46270 | N4: =TEXT($M4,"ddd") -> Sat | O4: =COUNTIFS('AI Agents'!$D$5:$D$36,$M4,'AI Agents'!$B$5:$B$36,"<>")+COUNTIFS('SG Website Plan'!$D$4:$D$41,$M4,'SG Website Plan'!$B$4:$B$41,"<>")+COUNTIFS('Food Safety Program'!$D$4:$D$69,$M4,'Food Safety Program'!$B$4:$B$69,"<>")+COUNTIFS('C-SAT Survey'!$D$4:$D$75,$M4,'C-SAT Survey'!$B$4:$B$75,"<>")+COUNTIFS('GPM&I'!$E$4:$E$115,$M4,'GPM&I'!$C$4:$C$115,"<>")+COUNTIFS('Trio Academy(LMS)'!$D$4:$D$164,$M4,'Trio Academy(LMS)'!$B$4:$B$164,"<>") -> 0 | P4: =COUNTIFS('AI Agents'!$E$5:$E$36,$M4,'AI Agents'!$B$5:$B$36,"<>")+COUNTIFS('SG Website Plan'!$E$4:$E$41,$M4,'SG Website Plan'!$B$4:$B$41,"<>")+COUNTIFS('Food Safety Program'!$E$4:$E$69,$M4,'Food Safety Program'!$B$4:$B$69,"<>")+COUNTIFS('C-SAT Survey'!$E$4:$E$75,$M4,'C-SAT Survey'!$B$4:$B$75,"<>")+COUNTIFS('GPM&I'!$F$4:$F$115,$M4,'GPM&I'!$C$4:$C$115,"<>")+COUNTIFS('Trio Academy(LMS)'!$E$4:$E$164,$M4,'Trio Academy(LMS)'!$B$4:$B$164,"<>") -> 16 | Q4: =COUNTIFS('AI Agents'!$D$5:$D$36,">0",'AI Agents'!$D$5:$D$36,"<="&$M4,'AI Agents'!$E$5:$E$36,">="&$M4,'AI Agents'!$B$5:$B$36,"<>")+COUNTIFS('SG Website Plan'!$D$4:$D$41,">0",'SG Website Plan'!$D$4:$D$41,"<="&$M4,'SG Website Plan'!$E$4:$E$41,">="&$M4,'SG Website Plan'!$B$4:$B$41,"<>")+COUNTIFS('Food Safety Program'!$D$4:$D$69,">0",'Food Safety Program'!$D$4:$D$69,"<="&$M4,'Food Safety Program'!$E$4:$E$69,">="&$M4,'Food Safety Program'!$B$4:$B$69,"<>")+COUNTIFS('C-SAT Survey'!$D$4:$D$75,">0",'C-SAT Survey'!$D$4:$D$75,"<="&$M4,'C-SAT Survey'!$E$4:$E$75,">="&$M4,'C-SAT Survey'!$B$4:$B$75,"<>")+COUNTIFS('GPM&I'!$E$4:$E$115,">0",'GPM&I'!$E$4:$E$115,"<="&$M4,'GPM&I'!$F$4:$F$115,">="&$M4,'GPM&I'!$C$4:$C$115,"<>")+COUNTIFS('Trio Academy(LMS)'!$D$4:$D$164,">0",'Trio Academy(LMS)'!$D$4:$D$164,"<="&$M4,'Trio Academy(LMS)'!$E$4:$E$164,">="&$M4,'Trio Academy(LMS)'!$B$4:$B$164,"<>") -> 58 | R4: =COUNTIFS('AI Agents'!$E$5:$E$36,"<"&$M4,'AI Agents'!$E$5:$E$36,">0",'AI Agents'!$N$5:$N$36,"<1")+COUNTIFS('SG Website Plan'!$E$4:$E$41,"<"&$M4,'SG Website Plan'!$E$4:$E$41,">0",'SG Website Plan'!$L$4:$L$41,"<1")+COUNTIFS('Food Safety Program'!$E$4:$E$69,"<"&$M4,'Food Safety Program'!$E$4:$E$69,">0",'Food Safety Program'!$O$4:$O$69,"<1")+COUNTIFS('C-SAT Survey'!$E$4:$E$75,"<"&$M4,'C-SAT Survey'!$E$4:$E$75,">0",'C-SAT Survey'!$M$4:$M$75,"<1")+COUNTIFS('GPM&I'!$F$4:$F$115,"<"&$M4,'GPM&I'!$F$4:$F$115,">0",'GPM&I'!$M$4:$M$115,"<1")+COUNTIFS('Trio Academy(LMS)'!$E$4:$E$164,"<"&$M4,'Trio Academy(LMS)'!$E$4:$E$164,">0",'Trio Academy(LMS)'!$L$4:$L$164,"<1") -> 20
M5: =M4+1 -> 46271 | N5: =TEXT($M5,"ddd") -> Sun | O5: =COUNTIFS('AI Agents'!$D$5:$D$36,$M5,'AI Agents'!$B$5:$B$36,"<>")+COUNTIFS('SG Website Plan'!$D$4:$D$41,$M5,'SG Website Plan'!$B$4:$B$41,"<>")+COUNTIFS('Food Safety Program'!$D$4:$D$69,$M5,'Food Safety Program'!$B$4:$B$69,"<>")+COUNTIFS('C-SAT Survey'!$D$4:$D$75,$M5,'C-SAT Survey'!$B$4:$B$75,"<>")+COUNTIFS('GPM&I'!$E$4:$E$115,$M5,'GPM&I'!$C$4:$C$115,"<>")+COUNTIFS('Trio Academy(LMS)'!$D$4:$D$164,$M5,'Trio Academy(LMS)'!$B$4:$B$164,"<>") -> 6 | P5: =COUNTIFS('AI Agents'!$E$5:$E$36,$M5,'AI Agents'!$B$5:$B$36,"<>")+COUNTIFS('SG Website Plan'!$E$4:$E$41,$M5,'SG Website Plan'!$B$4:$B$41,"<>")+COUNTIFS('Food Safety Program'!$E$4:$E$69,$M5,'Food Safety Program'!$B$4:$B$69,"<>")+COUNTIFS('C-SAT Survey'!$E$4:$E$75,$M5,'C-SAT Survey'!$B$4:$B$75,"<>")+COUNTIFS('GPM&I'!$F$4:$F$115,$M5,'GPM&I'!$C$4:$C$115,"<>")+COUNTIFS('Trio Academy(LMS)'!$E$4:$E$164,$M5,'Trio Academy(LMS)'!$B$4:$B$164,"<>") -> 2 | Q5: =COUNTIFS('AI Agents'!$D$5:$D$36,">0",'AI Agents'!$D$5:$D$36,"<="&$M5,'AI Agents'!$E$5:$E$36,">="&$M5,'AI Agents'!$B$5:$B$36,"<>")+COUNTIFS('SG Website Plan'!$D$4:$D$41,">0",'SG Website Plan'!$D$4:$D$41,"<="&$M5,'SG Website Plan'!$E$4:$E$41,">="&$M5,'SG Website Plan'!$B$4:$B$41,"<>")+COUNTIFS('Food Safety Program'!$D$4:$D$69,">0",'Food Safety Program'!$D$4:$D$69,"<="&$M5,'Food Safety Program'!$E$4:$E$69,">="&$M5,'Food Safety Program'!$B$4:$B$69,"<>")+COUNTIFS('C-SAT Survey'!$D$4:$D$75,">0",'C-SAT Survey'!$D$4:$D$75,"<="&$M5,'C-SAT Survey'!$E$4:$E$75,">="&$M5,'C-SAT Survey'!$B$4:$B$75,"<>")+COUNTIFS('GPM&I'!$E$4:$E$115,">0",'GPM&I'!$E$4:$E$115,"<="&$M5,'GPM&I'!$F$4:$F$115,">="&$M5,'GPM&I'!$C$4:$C$115,"<>")+COUNTIFS('Trio Academy(LMS)'!$D$4:$D$164,">0",'Trio Academy(LMS)'!$D$4:$D$164,"<="&$M5,'Trio Academy(LMS)'!$E$4:$E$164,">="&$M5,'Trio Academy(LMS)'!$B$4:$B$164,"<>") -> 48 | R5: =COUNTIFS('AI Agents'!$E$5:$E$36,"<"&$M5,'AI Agents'!$E$5:$E$36,">0",'AI Agents'!$N$5:$N$36,"<1")+COUNTIFS('SG Website Plan'!$E$4:$E$41,"<"&$M5,'SG Website Plan'!$E$4:$E$41,">0",'SG Website Plan'!$L$4:$L$41,"<1")+COUNTIFS('Food Safety Program'!$E$4:$E$69,"<"&$M5,'Food Safety Program'!$E$4:$E$69,">0",'Food Safety Program'!$O$4:$O$69,"<1")+COUNTIFS('C-SAT Survey'!$E$4:$E$75,"<"&$M5,'C-SAT Survey'!$E$4:$E$75,">0",'C-SAT Survey'!$M$4:$M$75,"<1")+COUNTIFS('GPM&I'!$F$4:$F$115,"<"&$M5,'GPM&I'!$F$4:$F$115,">0",'GPM&I'!$M$4:$M$115,"<1")+COUNTIFS('Trio Academy(LMS)'!$E$4:$E$164,"<"&$M5,'Trio Academy(LMS)'!$E$4:$E$164,">0",'Trio Academy(LMS)'!$L$4:$L$164,"<1") -> 27
A6: PROJECT ROLLUP FOR REPORT DATE | M6: =M5+1 -> 46272 | N6: =TEXT($M6,"ddd") -> Mon | O6: =COUNTIFS('AI Agents'!$D$5:$D$36,$M6,'AI Agents'!$B$5:$B$36,"<>")+COUNTIFS('SG Website Plan'!$D$4:$D$41,$M6,'SG Website Plan'!$B$4:$B$41,"<>")+COUNTIFS('Food Safety Program'!$D$4:$D$69,$M6,'Food Safety Program'!$B$4:$B$69,"<>")+COUNTIFS('C-SAT Survey'!$D$4:$D$75,$M6,'C-SAT Survey'!$B$4:$B$75,"<>")+COUNTIFS('GPM&I'!$E$4:$E$115,$M6,'GPM&I'!$C$4:$C$115,"<>")+COUNTIFS('Trio Academy(LMS)'!$D$4:$D$164,$M6,'Trio Academy(LMS)'!$B$4:$B$164,"<>") -> 3 | P6: =COUNTIFS('AI Agents'!$E$5:$E$36,$M6,'AI Agents'!$B$5:$B$36,"<>")+COUNTIFS('SG Website Plan'!$E$4:$E$41,$M6,'SG Website Plan'!$B$4:$B$41,"<>")+COUNTIFS('Food Safety Program'!$E$4:$E$69,$M6,'Food Safety Program'!$B$4:$B$69,"<>")+COUNTIFS('C-SAT Survey'!$E$4:$E$75,$M6,'C-SAT Survey'!$B$4:$B$75,"<>")+COUNTIFS('GPM&I'!$F$4:$F$115,$M6,'GPM&I'!$C$4:$C$115,"<>")+COUNTIFS('Trio Academy(LMS)'!$E$4:$E$164,$M6,'Trio Academy(LMS)'!$B$4:$B$164,"<>") -> 6 | Q6: =COUNTIFS('AI Agents'!$D$5:$D$36,">0",'AI Agents'!$D$5:$D$36,"<="&$M6,'AI Agents'!$E$5:$E$36,">="&$M6,'AI Agents'!$B$5:$B$36,"<>")+COUNTIFS('SG Website Plan'!$D$4:$D$41,">0",'SG Website Plan'!$D$4:$D$41,"<="&$M6,'SG Website Plan'!$E$4:$E$41,">="&$M6,'SG Website Plan'!$B$4:$B$41,"<>")+COUNTIFS('Food Safety Program'!$D$4:$D$69,">0",'Food Safety Program'!$D$4:$D$69,"<="&$M6,'Food Safety Program'!$E$4:$E$69,">="&$M6,'Food Safety Program'!$B$4:$B$69,"<>")+COUNTIFS('C-SAT Survey'!$D$4:$D$75,">0",'C-SAT Survey'!$D$4:$D$75,"<="&$M6,'C-SAT Survey'!$E$4:$E$75,">="&$M6,'C-SAT Survey'!$B$4:$B$75,"<>")+COUNTIFS('GPM&I'!$E$4:$E$115,">0",'GPM&I'!$E$4:$E$115,"<="&$M6,'GPM&I'!$F$4:$F$115,">="&$M6,'GPM&I'!$C$4:$C$115,"<>")+COUNTIFS('Trio Academy(LMS)'!$D$4:$D$164,">0",'Trio Academy(LMS)'!$D$4:$D$164,"<="&$M6,'Trio Academy(LMS)'!$E$4:$E$164,">="&$M6,'Trio Academy(LMS)'!$B$4:$B$164,"<>") -> 49 | R6: =COUNTIFS('AI Agents'!$E$5:$E$36,"<"&$M6,'AI Agents'!$E$5:$E$36,">0",'AI Agents'!$N$5:$N$36,"<1")+COUNTIFS('SG Website Plan'!$E$4:$E$41,"<"&$M6,'SG Website Plan'!$E$4:$E$41,">0",'SG Website Plan'!$L$4:$L$41,"<1")+COUNTIFS('Food Safety Program'!$E$4:$E$69,"<"&$M6,'Food Safety Program'!$E$4:$E$69,">0",'Food Safety Program'!$O$4:$O$69,"<1")+COUNTIFS('C-SAT Survey'!$E$4:$E$75,"<"&$M6,'C-SAT Survey'!$E$4:$E$75,">0",'C-SAT Survey'!$M$4:$M$75,"<1")+COUNTIFS('GPM&I'!$F$4:$F$115,"<"&$M6,'GPM&I'!$F$4:$F$115,">0",'GPM&I'!$M$4:$M$115,"<1")+COUNTIFS('Trio Academy(LMS)'!$E$4:$E$164,"<"&$M6,'Trio Academy(LMS)'!$E$4:$E$164,">0",'Trio Academy(LMS)'!$L$4:$L$164,"<1") -> 29
A7: Project | B7: Starting Today | C7: Due Today | D7: Active Today | E7: Overdue Open | F7: Done | G7: In Progress | H7: Not Started | I7: Total Tasks | J7: Completion % | K7: Status | M7: =M6+1 -> 46273 | N7: =TEXT($M7,"ddd") -> Tue | O7: =COUNTIFS('AI Agents'!$D$5:$D$36,$M7,'AI Agents'!$B$5:$B$36,"<>")+COUNTIFS('SG Website Plan'!$D$4:$D$41,$M7,'SG Website Plan'!$B$4:$B$41,"<>")+COUNTIFS('Food Safety Program'!$D$4:$D$69,$M7,'Food Safety Program'!$B$4:$B$69,"<>")+COUNTIFS('C-SAT Survey'!$D$4:$D$75,$M7,'C-SAT Survey'!$B$4:$B$75,"<>")+COUNTIFS('GPM&I'!$E$4:$E$115,$M7,'GPM&I'!$C$4:$C$115,"<>")+COUNTIFS('Trio Academy(LMS)'!$D$4:$D$164,$M7,'Trio Academy(LMS)'!$B$4:$B$164,"<>") -> 2 | P7: =COUNTIFS('AI Agents'!$E$5:$E$36,$M7,'AI Agents'!$B$5:$B$36,"<>")+COUNTIFS('SG Website Plan'!$E$4:$E$41,$M7,'SG Website Plan'!$B$4:$B$41,"<>")+COUNTIFS('Food Safety Program'!$E$4:$E$69,$M7,'Food Safety Program'!$B$4:$B$69,"<>")+COUNTIFS('C-SAT Survey'!$E$4:$E$75,$M7,'C-SAT Survey'!$B$4:$B$75,"<>")+COUNTIFS('GPM&I'!$F$4:$F$115,$M7,'GPM&I'!$C$4:$C$115,"<>")+COUNTIFS('Trio Academy(LMS)'!$E$4:$E$164,$M7,'Trio Academy(LMS)'!$B$4:$B$164,"<>") -> 2 | Q7: =COUNTIFS('AI Agents'!$D$5:$D$36,">0",'AI Agents'!$D$5:$D$36,"<="&$M7,'AI Agents'!$E$5:$E$36,">="&$M7,'AI Agents'!$B$5:$B$36,"<>")+COUNTIFS('SG Website Plan'!$D$4:$D$41,">0",'SG Website Plan'!$D$4:$D$41,"<="&$M7,'SG Website Plan'!$E$4:$E$41,">="&$M7,'SG Website Plan'!$B$4:$B$41,"<>")+COUNTIFS('Food Safety Program'!$D$4:$D$69,">0",'Food Safety Program'!$D$4:$D$69,"<="&$M7,'Food Safety Program'!$E$4:$E$69,">="&$M7,'Food Safety Program'!$B$4:$B$69,"<>")+COUNTIFS('C-SAT Survey'!$D$4:$D$75,">0",'C-SAT Survey'!$D$4:$D$75,"<="&$M7,'C-SAT Survey'!$E$4:$E$75,">="&$M7,'C-SAT Survey'!$B$4:$B$75,"<>")+COUNTIFS('GPM&I'!$E$4:$E$115,">0",'GPM&I'!$E$4:$E$115,"<="&$M7,'GPM&I'!$F$4:$F$115,">="&$M7,'GPM&I'!$C$4:$C$115,"<>")+COUNTIFS('Trio Academy(LMS)'!$D$4:$D$164,">0",'Trio Academy(LMS)'!$D$4:$D$164,"<="&$M7,'Trio Academy(LMS)'!$E$4:$E$164,">="&$M7,'Trio Academy(LMS)'!$B$4:$B$164,"<>") -> 45 | R7: =COUNTIFS('AI Agents'!$E$5:$E$36,"<"&$M7,'AI Agents'!$E$5:$E$36,">0",'AI Agents'!$N$5:$N$36,"<1")+COUNTIFS('SG Website Plan'!$E$4:$E$41,"<"&$M7,'SG Website Plan'!$E$4:$E$41,">0",'SG Website Plan'!$L$4:$L$41,"<1")+COUNTIFS('Food Safety Program'!$E$4:$E$69,"<"&$M7,'Food Safety Program'!$E$4:$E$69,">0",'Food Safety Program'!$O$4:$O$69,"<1")+COUNTIFS('C-SAT Survey'!$E$4:$E$75,"<"&$M7,'C-SAT Survey'!$E$4:$E$75,">0",'C-SAT Survey'!$M$4:$M$75,"<1")+COUNTIFS('GPM&I'!$F$4:$F$115,"<"&$M7,'GPM&I'!$F$4:$F$115,">0",'GPM&I'!$M$4:$M$115,"<1")+COUNTIFS('Trio Academy(LMS)'!$E$4:$E$164,"<"&$M7,'Trio Academy(LMS)'!$E$4:$E$164,">0",'Trio Academy(LMS)'!$L$4:$L$164,"<1") -> 31
A8: AI Agents (Mail Digest) | B8: =COUNTIFS('AI Agents'!$D$5:$D$36,$B$3,'AI Agents'!$B$5:$B$36,"<>") -> 0 | C8: =COUNTIFS('AI Agents'!$E$5:$E$36,$B$3,'AI Agents'!$B$5:$B$36,"<>") -> 0 | D8: =COUNTIFS('AI Agents'!$D$5:$D$36,">0",'AI Agents'!$D$5:$D$36,"<="&$B$3,'AI Agents'!$E$5:$E$36,">="&$B$3,'AI Agents'!$B$5:$B$36,"<>") -> 0 | E8: =COUNTIFS('AI Agents'!$E$5:$E$36,"<"&$B$3,'AI Agents'!$E$5:$E$36,">0",'AI Agents'!$N$5:$N$36,"<1") -> 8 | F8: =COUNTIFS('AI Agents'!$N$5:$N$36,1) -> 23 | G8: =COUNTIFS('AI Agents'!$N$5:$N$36,">0",'AI Agents'!$N$5:$N$36,"<1") -> 6 | H8: =COUNTIFS('AI Agents'!$N$5:$N$36,0) -> 2 | I8: =COUNT('AI Agents'!$N$5:$N$36) -> 31 | J8: =IFERROR(AVERAGE('AI Agents'!$N$5:$N$36),0) -> 0.82488479 | K8: =IF(J8=1,"Complete",IF(J8>=0.5,"On Track",IF(J8>0,"At Risk","Not Started"))) -> On Track | M8: =#REF!+1 -> #REF! | N8: =TEXT($M8,"ddd") -> #REF! | O8: =COUNTIFS('AI Agents'!$D$5:$D$36,$M8,'AI Agents'!$B$5:$B$36,"<>")+COUNTIFS('SG Website Plan'!$D$4:$D$41,$M8,'SG Website Plan'!$B$4:$B$41,"<>")+COUNTIFS('Food Safety Program'!$D$4:$D$69,$M8,'Food Safety Program'!$B$4:$B$69,"<>")+COUNTIFS('C-SAT Survey'!$D$4:$D$75,$M8,'C-SAT Survey'!$B$4:$B$75,"<>")+COUNTIFS('GPM&I'!$E$4:$E$115,$M8,'GPM&I'!$C$4:$C$115,"<>")+COUNTIFS('Trio Academy(LMS)'!$D$4:$D$164,$M8,'Trio Academy(LMS)'!$B$4:$B$164,"<>") -> 0 | P8: =COUNTIFS('AI Agents'!$E$5:$E$36,$M8,'AI Agents'!$B$5:$B$36,"<>")+COUNTIFS('SG Website Plan'!$E$4:$E$41,$M8,'SG Website Plan'!$B$4:$B$41,"<>")+COUNTIFS('Food Safety Program'!$E$4:$E$69,$M8,'Food Safety Program'!$B$4:$B$69,"<>")+COUNTIFS('C-SAT Survey'!$E$4:$E$75,$M8,'C-SAT Survey'!$B$4:$B$75,"<>")+COUNTIFS('GPM&I'!$F$4:$F$115,$M8,'GPM&I'!$C$4:$C$115,"<>")+COUNTIFS('Trio Academy(LMS)'!$E$4:$E$164,$M8,'Trio Academy(LMS)'!$B$4:$B$164,"<>") -> 0 | Q8: =COUNTIFS('AI Agents'!$D$5:$D$36,">0",'AI Agents'!$D$5:$D$36,"<="&$M8,'AI Agents'!$E$5:$E$36,">="&$M8,'AI Agents'!$B$5:$B$36,"<>")+COUNTIFS('SG Website Plan'!$D$4:$D$41,">0",'SG Website Plan'!$D$4:$D$41,"<="&$M8,'SG Website Plan'!$E$4:$E$41,">="&$M8,'SG Website Plan'!$B$4:$B$41,"<>")+COUNTIFS('Food Safety Program'!$D$4:$D$69,">0",'Food Safety Program'!$D$4:$D$69,"<="&$M8,'Food Safety Program'!$E$4:$E$69,">="&$M8,'Food Safety Program'!$B$4:$B$69,"<>")+COUNTIFS('C-SAT Survey'!$D$4:$D$75,">0",'C-SAT Survey'!$D$4:$D$75,"<="&$M8,'C-SAT Survey'!$E$4:$E$75,">="&$M8,'C-SAT Survey'!$B$4:$B$75,"<>")+COUNTIFS('GPM&I'!$E$4:$E$115,">0",'GPM&I'!$E$4:$E$115,"<="&$M8,'GPM&I'!$F$4:$F$115,">="&$M8,'GPM&I'!$C$4:$C$115,"<>")+COUNTIFS('Trio Academy(LMS)'!$D$4:$D$164,">0",'Trio Academy(LMS)'!$D$4:$D$164,"<="&$M8,'Trio Academy(LMS)'!$E$4:$E$164,">="&$M8,'Trio Academy(LMS)'!$B$4:$B$164,"<>") -> 0 | R8: =COUNTIFS('AI Agents'!$E$5:$E$36,"<"&$M8,'AI Agents'!$E$5:$E$36,">0",'AI Agents'!$N$5:$N$36,"<1")+COUNTIFS('SG Website Plan'!$E$4:$E$41,"<"&$M8,'SG Website Plan'!$E$4:$E$41,">0",'SG Website Plan'!$L$4:$L$41,"<1")+COUNTIFS('Food Safety Program'!$E$4:$E$69,"<"&$M8,'Food Safety Program'!$E$4:$E$69,">0",'Food Safety Program'!$O$4:$O$69,"<1")+COUNTIFS('C-SAT Survey'!$E$4:$E$75,"<"&$M8,'C-SAT Survey'!$E$4:$E$75,">0",'C-SAT Survey'!$M$4:$M$75,"<1")+COUNTIFS('GPM&I'!$F$4:$F$115,"<"&$M8,'GPM&I'!$F$4:$F$115,">0",'GPM&I'!$M$4:$M$115,"<1")+COUNTIFS('Trio Academy(LMS)'!$E$4:$E$164,"<"&$M8,'Trio Academy(LMS)'!$E$4:$E$164,">0",'Trio Academy(LMS)'!$L$4:$L$164,"<1") -> 0
A9: SG Website Plan | B9: =COUNTIFS('SG Website Plan'!$D$4:$D$41,$B$3,'SG Website Plan'!$B$4:$B$41,"<>") -> 0 | C9: =COUNTIFS('SG Website Plan'!$E$4:$E$41,$B$3,'SG Website Plan'!$B$4:$B$41,"<>") -> 0 | D9: =COUNTIFS('SG Website Plan'!$D$4:$D$41,">0",'SG Website Plan'!$D$4:$D$41,"<="&$B$3,'SG Website Plan'!$E$4:$E$41,">="&$B$3,'SG Website Plan'!$B$4:$B$41,"<>") -> 0 | E9: =COUNTIFS('SG Website Plan'!$E$4:$E$41,"<"&$B$3,'SG Website Plan'!$E$4:$E$41,">0",'SG Website Plan'!$L$4:$L$41,"<1") -> 2 | F9: =COUNTIFS('SG Website Plan'!$L$4:$L$41,1) -> 28 | G9: =COUNTIFS('SG Website Plan'!$L$4:$L$41,">0",'SG Website Plan'!$L$4:$L$41,"<1") -> 2 | H9: =COUNTIFS('SG Website Plan'!$L$4:$L$41,0) -> 0 | I9: =COUNT('SG Website Plan'!$L$4:$L$41) -> 30 | J9: =IFERROR(AVERAGE('SG Website Plan'!$L$4:$L$41),0) -> 0.97333333 | K9: =IF(J9=1,"Complete",IF(J9>=0.5,"On Track",IF(J9>0,"At Risk","Not Started"))) -> On Track | M9: =M8+1 -> #REF! | N9: =TEXT($M9,"ddd") -> #REF! | O9: =COUNTIFS('AI Agents'!$D$5:$D$36,$M9,'AI Agents'!$B$5:$B$36,"<>")+COUNTIFS('SG Website Plan'!$D$4:$D$41,$M9,'SG Website Plan'!$B$4:$B$41,"<>")+COUNTIFS('Food Safety Program'!$D$4:$D$69,$M9,'Food Safety Program'!$B$4:$B$69,"<>")+COUNTIFS('C-SAT Survey'!$D$4:$D$75,$M9,'C-SAT Survey'!$B$4:$B$75,"<>")+COUNTIFS('GPM&I'!$E$4:$E$115,$M9,'GPM&I'!$C$4:$C$115,"<>")+COUNTIFS('Trio Academy(LMS)'!$D$4:$D$164,$M9,'Trio Academy(LMS)'!$B$4:$B$164,"<>") -> 0 | P9: =COUNTIFS('AI Agents'!$E$5:$E$36,$M9,'AI Agents'!$B$5:$B$36,"<>")+COUNTIFS('SG Website Plan'!$E$4:$E$41,$M9,'SG Website Plan'!$B$4:$B$41,"<>")+COUNTIFS('Food Safety Program'!$E$4:$E$69,$M9,'Food Safety Program'!$B$4:$B$69,"<>")+COUNTIFS('C-SAT Survey'!$E$4:$E$75,$M9,'C-SAT Survey'!$B$4:$B$75,"<>")+COUNTIFS('GPM&I'!$F$4:$F$115,$M9,'GPM&I'!$C$4:$C$115,"<>")+COUNTIFS('Trio Academy(LMS)'!$E$4:$E$164,$M9,'Trio Academy(LMS)'!$B$4:$B$164,"<>") -> 0 | Q9: =COUNTIFS('AI Agents'!$D$5:$D$36,">0",'AI Agents'!$D$5:$D$36,"<="&$M9,'AI Agents'!$E$5:$E$36,">="&$M9,'AI Agents'!$B$5:$B$36,"<>")+COUNTIFS('SG Website Plan'!$D$4:$D$41,">0",'SG Website Plan'!$D$4:$D$41,"<="&$M9,'SG Website Plan'!$E$4:$E$41,">="&$M9,'SG Website Plan'!$B$4:$B$41,"<>")+COUNTIFS('Food Safety Program'!$D$4:$D$69,">0",'Food Safety Program'!$D$4:$D$69,"<="&$M9,'Food Safety Program'!$E$4:$E$69,">="&$M9,'Food Safety Program'!$B$4:$B$69,"<>")+COUNTIFS('C-SAT Survey'!$D$4:$D$75,">0",'C-SAT Survey'!$D$4:$D$75,"<="&$M9,'C-SAT Survey'!$E$4:$E$75,">="&$M9,'C-SAT Survey'!$B$4:$B$75,"<>")+COUNTIFS('GPM&I'!$E$4:$E$115,">0",'GPM&I'!$E$4:$E$115,"<="&$M9,'GPM&I'!$F$4:$F$115,">="&$M9,'GPM&I'!$C$4:$C$115,"<>")+COUNTIFS('Trio Academy(LMS)'!$D$4:$D$164,">0",'Trio Academy(LMS)'!$D$4:$D$164,"<="&$M9,'Trio Academy(LMS)'!$E$4:$E$164,">="&$M9,'Trio Academy(LMS)'!$B$4:$B$164,"<>") -> 0 | R9: =COUNTIFS('AI Agents'!$E$5:$E$36,"<"&$M9,'AI Agents'!$E$5:$E$36,">0",'AI Agents'!$N$5:$N$36,"<1")+COUNTIFS('SG Website Plan'!$E$4:$E$41,"<"&$M9,'SG Website Plan'!$E$4:$E$41,">0",'SG Website Plan'!$L$4:$L$41,"<1")+COUNTIFS('Food Safety Program'!$E$4:$E$69,"<"&$M9,'Food Safety Program'!$E$4:$E$69,">0",'Food Safety Program'!$O$4:$O$69,"<1")+COUNTIFS('C-SAT Survey'!$E$4:$E$75,"<"&$M9,'C-SAT Survey'!$E$4:$E$75,">0",'C-SAT Survey'!$M$4:$M$75,"<1")+COUNTIFS('GPM&I'!$F$4:$F$115,"<"&$M9,'GPM&I'!$F$4:$F$115,">0",'GPM&I'!$M$4:$M$115,"<1")+COUNTIFS('Trio Academy(LMS)'!$E$4:$E$164,"<"&$M9,'Trio Academy(LMS)'!$E$4:$E$164,">0",'Trio Academy(LMS)'!$L$4:$L$164,"<1") -> 0
A10: Food Safety Program | B10: =COUNTIFS('Food Safety Program'!$D$4:$D$69,$B$3,'Food Safety Program'!$B$4:$B$69,"<>") -> 0 | C10: =COUNTIFS('Food Safety Program'!$E$4:$E$69,$B$3,'Food Safety Program'!$B$4:$B$69,"<>") -> 0 | D10: =COUNTIFS('Food Safety Program'!$D$4:$D$69,">0",'Food Safety Program'!$D$4:$D$69,"<="&$B$3,'Food Safety Program'!$E$4:$E$69,">="&$B$3,'Food Safety Program'!$B$4:$B$69,"<>") -> 0 | E10: =COUNTIFS('Food Safety Program'!$E$4:$E$69,"<"&$B$3,'Food Safety Program'!$E$4:$E$69,">0",'Food Safety Program'!$O$4:$O$69,"<1") -> 17 | F10: =COUNTIFS('Food Safety Program'!$O$4:$O$69,1) -> 49 | G10: =COUNTIFS('Food Safety Program'!$O$4:$O$69,">0",'Food Safety Program'!$O$4:$O$69,"<1") -> 17 | H10: =COUNTIFS('Food Safety Program'!$O$4:$O$69,0) -> 0 | I10: =COUNT('Food Safety Program'!$O$4:$O$69) -> 66 | J10: =IFERROR(AVERAGE('Food Safety Program'!$O$4:$O$69),0) -> 0.85795455 | K10: =IF(J10=1,"Complete",IF(J10>=0.5,"On Track",IF(J10>0,"At Risk","Not Started"))) -> On Track | M10: =M9+1 -> #REF! | N10: =TEXT($M10,"ddd") -> #REF! | O10: =COUNTIFS('AI Agents'!$D$5:$D$36,$M10,'AI Agents'!$B$5:$B$36,"<>")+COUNTIFS('SG Website Plan'!$D$4:$D$41,$M10,'SG Website Plan'!$B$4:$B$41,"<>")+COUNTIFS('Food Safety Program'!$D$4:$D$69,$M10,'Food Safety Program'!$B$4:$B$69,"<>")+COUNTIFS('C-SAT Survey'!$D$4:$D$75,$M10,'C-SAT Survey'!$B$4:$B$75,"<>")+COUNTIFS('GPM&I'!$E$4:$E$115,$M10,'GPM&I'!$C$4:$C$115,"<>")+COUNTIFS('Trio Academy(LMS)'!$D$4:$D$164,$M10,'Trio Academy(LMS)'!$B$4:$B$164,"<>") -> 0 | P10: =COUNTIFS('AI Agents'!$E$5:$E$36,$M10,'AI Agents'!$B$5:$B$36,"<>")+COUNTIFS('SG Website Plan'!$E$4:$E$41,$M10,'SG Website Plan'!$B$4:$B$41,"<>")+COUNTIFS('Food Safety Program'!$E$4:$E$69,$M10,'Food Safety Program'!$B$4:$B$69,"<>")+COUNTIFS('C-SAT Survey'!$E$4:$E$75,$M10,'C-SAT Survey'!$B$4:$B$75,"<>")+COUNTIFS('GPM&I'!$F$4:$F$115,$M10,'GPM&I'!$C$4:$C$115,"<>")+COUNTIFS('Trio Academy(LMS)'!$E$4:$E$164,$M10,'Trio Academy(LMS)'!$B$4:$B$164,"<>") -> 0 | Q10: =COUNTIFS('AI Agents'!$D$5:$D$36,">0",'AI Agents'!$D$5:$D$36,"<="&$M10,'AI Agents'!$E$5:$E$36,">="&$M10,'AI Agents'!$B$5:$B$36,"<>")+COUNTIFS('SG Website Plan'!$D$4:$D$41,">0",'SG Website Plan'!$D$4:$D$41,"<="&$M10,'SG Website Plan'!$E$4:$E$41,">="&$M10,'SG Website Plan'!$B$4:$B$41,"<>")+COUNTIFS('Food Safety Program'!$D$4:$D$69,">0",'Food Safety Program'!$D$4:$D$69,"<="&$M10,'Food Safety Program'!$E$4:$E$69,">="&$M10,'Food Safety Program'!$B$4:$B$69,"<>")+COUNTIFS('C-SAT Survey'!$D$4:$D$75,">0",'C-SAT Survey'!$D$4:$D$75,"<="&$M10,'C-SAT Survey'!$E$4:$E$75,">="&$M10,'C-SAT Survey'!$B$4:$B$75,"<>")+COUNTIFS('GPM&I'!$E$4:$E$115,">0",'GPM&I'!$E$4:$E$115,"<="&$M10,'GPM&I'!$F$4:$F$115,">="&$M10,'GPM&I'!$C$4:$C$115,"<>")+COUNTIFS('Trio Academy(LMS)'!$D$4:$D$164,">0",'Trio Academy(LMS)'!$D$4:$D$164,"<="&$M10,'Trio Academy(LMS)'!$E$4:$E$164,">="&$M10,'Trio Academy(LMS)'!$B$4:$B$164,"<>") -> 0 | R10: =COUNTIFS('AI Agents'!$E$5:$E$36,"<"&$M10,'AI Agents'!$E$5:$E$36,">0",'AI Agents'!$N$5:$N$36,"<1")+COUNTIFS('SG Website Plan'!$E$4:$E$41,"<"&$M10,'SG Website Plan'!$E$4:$E$41,">0",'SG Website Plan'!$L$4:$L$41,"<1")+COUNTIFS('Food Safety Program'!$E$4:$E$69,"<"&$M10,'Food Safety Program'!$E$4:$E$69,">0",'Food Safety Program'!$O$4:$O$69,"<1")+COUNTIFS('C-SAT Survey'!$E$4:$E$75,"<"&$M10,'C-SAT Survey'!$E$4:$E$75,">0",'C-SAT Survey'!$M$4:$M$75,"<1")+COUNTIFS('GPM&I'!$F$4:$F$115,"<"&$M10,'GPM&I'!$F$4:$F$115,">0",'GPM&I'!$M$4:$M$115,"<1")+COUNTIFS('Trio Academy(LMS)'!$E$4:$E$164,"<"&$M10,'Trio Academy(LMS)'!$E$4:$E$164,">0",'Trio Academy(LMS)'!$L$4:$L$164,"<1") -> 0
A11: C-SAT Survey | B11: =COUNTIFS('C-SAT Survey'!$D$4:$D$75,$B$3,'C-SAT Survey'!$B$4:$B$75,"<>") -> 0 | C11: =COUNTIFS('C-SAT Survey'!$E$4:$E$75,$B$3,'C-SAT Survey'!$B$4:$B$75,"<>") -> 7 | D11: =COUNTIFS('C-SAT Survey'!$D$4:$D$75,">0",'C-SAT Survey'!$D$4:$D$75,"<="&$B$3,'C-SAT Survey'!$E$4:$E$75,">="&$B$3,'C-SAT Survey'!$B$4:$B$75,"<>") -> 42 | E11: =COUNTIFS('C-SAT Survey'!$E$4:$E$75,"<"&$B$3,'C-SAT Survey'!$E$4:$E$75,">0",'C-SAT Survey'!$M$4:$M$75,"<1") -> 0 | F11: =COUNTIFS('C-SAT Survey'!$M$4:$M$75,1) -> 57 | G11: =COUNTIFS('C-SAT Survey'!$M$4:$M$75,">0",'C-SAT Survey'!$M$4:$M$75,"<1") -> 0 | H11: =COUNTIFS('C-SAT Survey'!$M$4:$M$75,0) -> 8 | I11: =COUNT('C-SAT Survey'!$M$4:$M$75) -> 65 | J11: =IFERROR(AVERAGE('C-SAT Survey'!$M$4:$M$75),0) -> 0.87692308 | K11: =IF(J11=1,"Complete",IF(J11>=0.5,"On Track",IF(J11>0,"At Risk","Not Started"))) -> On Track | M11: =M10+1 -> #REF! | N11: =TEXT($M11,"ddd") -> #REF! | O11: =COUNTIFS('AI Agents'!$D$5:$D$36,$M11,'AI Agents'!$B$5:$B$36,"<>")+COUNTIFS('SG Website Plan'!$D$4:$D$41,$M11,'SG Website Plan'!$B$4:$B$41,"<>")+COUNTIFS('Food Safety Program'!$D$4:$D$69,$M11,'Food Safety Program'!$B$4:$B$69,"<>")+COUNTIFS('C-SAT Survey'!$D$4:$D$75,$M11,'C-SAT Survey'!$B$4:$B$75,"<>")+COUNTIFS('GPM&I'!$E$4:$E$115,$M11,'GPM&I'!$C$4:$C$115,"<>")+COUNTIFS('Trio Academy(LMS)'!$D$4:$D$164,$M11,'Trio Academy(LMS)'!$B$4:$B$164,"<>") -> 0 | P11: =COUNTIFS('AI Agents'!$E$5:$E$36,$M11,'AI Agents'!$B$5:$B$36,"<>")+COUNTIFS('SG Website Plan'!$E$4:$E$41,$M11,'SG Website Plan'!$B$4:$B$41,"<>")+COUNTIFS('Food Safety Program'!$E$4:$E$69,$M11,'Food Safety Program'!$B$4:$B$69,"<>")+COUNTIFS('C-SAT Survey'!$E$4:$E$75,$M11,'C-SAT Survey'!$B$4:$B$75,"<>")+COUNTIFS('GPM&I'!$F$4:$F$115,$M11,'GPM&I'!$C$4:$C$115,"<>")+COUNTIFS('Trio Academy(LMS)'!$E$4:$E$164,$M11,'Trio Academy(LMS)'!$B$4:$B$164,"<>") -> 0 | Q11: =COUNTIFS('AI Agents'!$D$5:$D$36,">0",'AI Agents'!$D$5:$D$36,"<="&$M11,'AI Agents'!$E$5:$E$36,">="&$M11,'AI Agents'!$B$5:$B$36,"<>")+COUNTIFS('SG Website Plan'!$D$4:$D$41,">0",'SG Website Plan'!$D$4:$D$41,"<="&$M11,'SG Website Plan'!$E$4:$E$41,">="&$M11,'SG Website Plan'!$B$4:$B$41,"<>")+COUNTIFS('Food Safety Program'!$D$4:$D$69,">0",'Food Safety Program'!$D$4:$D$69,"<="&$M11,'Food Safety Program'!$E$4:$E$69,">="&$M11,'Food Safety Program'!$B$4:$B$69,"<>")+COUNTIFS('C-SAT Survey'!$D$4:$D$75,">0",'C-SAT Survey'!$D$4:$D$75,"<="&$M11,'C-SAT Survey'!$E$4:$E$75,">="&$M11,'C-SAT Survey'!$B$4:$B$75,"<>")+COUNTIFS('GPM&I'!$E$4:$E$115,">0",'GPM&I'!$E$4:$E$115,"<="&$M11,'GPM&I'!$F$4:$F$115,">="&$M11,'GPM&I'!$C$4:$C$115,"<>")+COUNTIFS('Trio Academy(LMS)'!$D$4:$D$164,">0",'Trio Academy(LMS)'!$D$4:$D$164,"<="&$M11,'Trio Academy(LMS)'!$E$4:$E$164,">="&$M11,'Trio Academy(LMS)'!$B$4:$B$164,"<>") -> 0 | R11: =COUNTIFS('AI Agents'!$E$5:$E$36,"<"&$M11,'AI Agents'!$E$5:$E$36,">0",'AI Agents'!$N$5:$N$36,"<1")+COUNTIFS('SG Website Plan'!$E$4:$E$41,"<"&$M11,'SG Website Plan'!$E$4:$E$41,">0",'SG Website Plan'!$L$4:$L$41,"<1")+COUNTIFS('Food Safety Program'!$E$4:$E$69,"<"&$M11,'Food Safety Program'!$E$4:$E$69,">0",'Food Safety Program'!$O$4:$O$69,"<1")+COUNTIFS('C-SAT Survey'!$E$4:$E$75,"<"&$M11,'C-SAT Survey'!$E$4:$E$75,">0",'C-SAT Survey'!$M$4:$M$75,"<1")+COUNTIFS('GPM&I'!$F$4:$F$115,"<"&$M11,'GPM&I'!$F$4:$F$115,">0",'GPM&I'!$M$4:$M$115,"<1")+COUNTIFS('Trio Academy(LMS)'!$E$4:$E$164,"<"&$M11,'Trio Academy(LMS)'!$E$4:$E$164,">0",'Trio Academy(LMS)'!$L$4:$L$164,"<1") -> 0
A12: GPM&I Project Plan | B12: =COUNTIFS('GPM&I'!$E$4:$E$115,$B$3,'GPM&I'!$C$4:$C$115,"<>") -> 3 | C12: =COUNTIFS('GPM&I'!$F$4:$F$115,$B$3,'GPM&I'!$C$4:$C$115,"<>") -> 2 | D12: =COUNTIFS('GPM&I'!$E$4:$E$115,">0",'GPM&I'!$E$4:$E$115,"<="&$B$3,'GPM&I'!$F$4:$F$115,">="&$B$3,'GPM&I'!$C$4:$C$115,"<>") -> 3 | E12: =COUNTIFS('GPM&I'!$F$4:$F$115,"<"&$B$3,'GPM&I'!$F$4:$F$115,">0",'GPM&I'!$M$4:$M$115,"<1") -> 7 | F12: =COUNTIFS('GPM&I'!$M$4:$M$115,1) -> 0 | G12: =COUNTIFS('GPM&I'!$M$4:$M$115,">0",'GPM&I'!$M$4:$M$115,"<1") -> 72 | H12: =COUNTIFS('GPM&I'!$M$4:$M$115,0) -> 40 | I12: =COUNT('GPM&I'!$M$4:$M$115) -> 112 | J12: =IFERROR(AVERAGE('GPM&I'!$M$4:$M$115),0) -> 0.42857143 | K12: =IF(J12=1,"Complete",IF(J12>=0.5,"On Track",IF(J12>0,"At Risk","Not Started"))) -> At Risk | M12: =M11+1 -> #REF! | N12: =TEXT($M12,"ddd") -> #REF! | O12: =COUNTIFS('AI Agents'!$D$5:$D$36,$M12,'AI Agents'!$B$5:$B$36,"<>")+COUNTIFS('SG Website Plan'!$D$4:$D$41,$M12,'SG Website Plan'!$B$4:$B$41,"<>")+COUNTIFS('Food Safety Program'!$D$4:$D$69,$M12,'Food Safety Program'!$B$4:$B$69,"<>")+COUNTIFS('C-SAT Survey'!$D$4:$D$75,$M12,'C-SAT Survey'!$B$4:$B$75,"<>")+COUNTIFS('GPM&I'!$E$4:$E$115,$M12,'GPM&I'!$C$4:$C$115,"<>")+COUNTIFS('Trio Academy(LMS)'!$D$4:$D$164,$M12,'Trio Academy(LMS)'!$B$4:$B$164,"<>") -> 0 | P12: =COUNTIFS('AI Agents'!$E$5:$E$36,$M12,'AI Agents'!$B$5:$B$36,"<>")+COUNTIFS('SG Website Plan'!$E$4:$E$41,$M12,'SG Website Plan'!$B$4:$B$41,"<>")+COUNTIFS('Food Safety Program'!$E$4:$E$69,$M12,'Food Safety Program'!$B$4:$B$69,"<>")+COUNTIFS('C-SAT Survey'!$E$4:$E$75,$M12,'C-SAT Survey'!$B$4:$B$75,"<>")+COUNTIFS('GPM&I'!$F$4:$F$115,$M12,'GPM&I'!$C$4:$C$115,"<>")+COUNTIFS('Trio Academy(LMS)'!$E$4:$E$164,$M12,'Trio Academy(LMS)'!$B$4:$B$164,"<>") -> 0 | Q12: =COUNTIFS('AI Agents'!$D$5:$D$36,">0",'AI Agents'!$D$5:$D$36,"<="&$M12,'AI Agents'!$E$5:$E$36,">="&$M12,'AI Agents'!$B$5:$B$36,"<>")+COUNTIFS('SG Website Plan'!$D$4:$D$41,">0",'SG Website Plan'!$D$4:$D$41,"<="&$M12,'SG Website Plan'!$E$4:$E$41,">="&$M12,'SG Website Plan'!$B$4:$B$41,"<>")+COUNTIFS('Food Safety Program'!$D$4:$D$69,">0",'Food Safety Program'!$D$4:$D$69,"<="&$M12,'Food Safety Program'!$E$4:$E$69,">="&$M12,'Food Safety Program'!$B$4:$B$69,"<>")+COUNTIFS('C-SAT Survey'!$D$4:$D$75,">0",'C-SAT Survey'!$D$4:$D$75,"<="&$M12,'C-SAT Survey'!$E$4:$E$75,">="&$M12,'C-SAT Survey'!$B$4:$B$75,"<>")+COUNTIFS('GPM&I'!$E$4:$E$115,">0",'GPM&I'!$E$4:$E$115,"<="&$M12,'GPM&I'!$F$4:$F$115,">="&$M12,'GPM&I'!$C$4:$C$115,"<>")+COUNTIFS('Trio Academy(LMS)'!$D$4:$D$164,">0",'Trio Academy(LMS)'!$D$4:$D$164,"<="&$M12,'Trio Academy(LMS)'!$E$4:$E$164,">="&$M12,'Trio Academy(LMS)'!$B$4:$B$164,"<>") -> 0 | R12: =COUNTIFS('AI Agents'!$E$5:$E$36,"<"&$M12,'AI Agents'!$E$5:$E$36,">0",'AI Agents'!$N$5:$N$36,"<1")+COUNTIFS('SG Website Plan'!$E$4:$E$41,"<"&$M12,'SG Website Plan'!$E$4:$E$41,">0",'SG Website Plan'!$L$4:$L$41,"<1")+COUNTIFS('Food Safety Program'!$E$4:$E$69,"<"&$M12,'Food Safety Program'!$E$4:$E$69,">0",'Food Safety Program'!$O$4:$O$69,"<1")+COUNTIFS('C-SAT Survey'!$E$4:$E$75,"<"&$M12,'C-SAT Survey'!$E$4:$E$75,">0",'C-SAT Survey'!$M$4:$M$75,"<1")+COUNTIFS('GPM&I'!$F$4:$F$115,"<"&$M12,'GPM&I'!$F$4:$F$115,">0",'GPM&I'!$M$4:$M$115,"<1")+COUNTIFS('Trio Academy(LMS)'!$E$4:$E$164,"<"&$M12,'Trio Academy(LMS)'!$E$4:$E$164,">0",'Trio Academy(LMS)'!$L$4:$L$164,"<1") -> 0
A13: Trio Academy(LMS) | B13: =COUNTIFS('Trio Academy(LMS)'!$D$4:$D$164,$B$3,'Trio Academy(LMS)'!$B$4:$B$164,"<>") -> 0 | C13: =COUNTIFS('Trio Academy(LMS)'!$E$4:$E$164,$B$3,'Trio Academy(LMS)'!$B$4:$B$164,"<>") -> 0 | D13: =COUNTIFS('Trio Academy(LMS)'!$D$4:$D$164,">0",'Trio Academy(LMS)'!$D$4:$D$164,"<="&$B$3,'Trio Academy(LMS)'!$E$4:$E$164,">="&$B$3,'Trio Academy(LMS)'!$B$4:$B$164,"<>") -> 0 | E13: =COUNTIFS('Trio Academy(LMS)'!$E$4:$E$164,"<"&$B$3,'Trio Academy(LMS)'!$E$4:$E$164,">0",'Trio Academy(LMS)'!$L$4:$L$164,"<1") -> 2 | F13: =COUNTIFS('Trio Academy(LMS)'!$L$4:$L$164,1) -> 159 | G13: =COUNTIFS('Trio Academy(LMS)'!$L$4:$L$164,">0",'Trio Academy(LMS)'!$L$4:$L$164,"<1") -> 2 | H13: =COUNTIFS('Trio Academy(LMS)'!$L$4:$L$164,0) -> 0 | I13: =COUNT('Trio Academy(LMS)'!$L$4:$L$164) -> 161 | J13: =IFERROR(AVERAGE('Trio Academy(LMS)'!$L$4:$L$164),0) -> 0.99378882 | K13: =IF(J13=1,"Complete",IF(J13>=0.5,"On Track",IF(J13>0,"At Risk","Not Started"))) -> On Track | M13: =M12+1 -> #REF! | N13: =TEXT($M13,"ddd") -> #REF! | O13: =COUNTIFS('AI Agents'!$D$5:$D$36,$M13,'AI Agents'!$B$5:$B$36,"<>")+COUNTIFS('SG Website Plan'!$D$4:$D$41,$M13,'SG Website Plan'!$B$4:$B$41,"<>")+COUNTIFS('Food Safety Program'!$D$4:$D$69,$M13,'Food Safety Program'!$B$4:$B$69,"<>")+COUNTIFS('C-SAT Survey'!$D$4:$D$75,$M13,'C-SAT Survey'!$B$4:$B$75,"<>")+COUNTIFS('GPM&I'!$E$4:$E$115,$M13,'GPM&I'!$C$4:$C$115,"<>")+COUNTIFS('Trio Academy(LMS)'!$D$4:$D$164,$M13,'Trio Academy(LMS)'!$B$4:$B$164,"<>") -> 0 | P13: =COUNTIFS('AI Agents'!$E$5:$E$36,$M13,'AI Agents'!$B$5:$B$36,"<>")+COUNTIFS('SG Website Plan'!$E$4:$E$41,$M13,'SG Website Plan'!$B$4:$B$41,"<>")+COUNTIFS('Food Safety Program'!$E$4:$E$69,$M13,'Food Safety Program'!$B$4:$B$69,"<>")+COUNTIFS('C-SAT Survey'!$E$4:$E$75,$M13,'C-SAT Survey'!$B$4:$B$75,"<>")+COUNTIFS('GPM&I'!$F$4:$F$115,$M13,'GPM&I'!$C$4:$C$115,"<>")+COUNTIFS('Trio Academy(LMS)'!$E$4:$E$164,$M13,'Trio Academy(LMS)'!$B$4:$B$164,"<>") -> 0 | Q13: =COUNTIFS('AI Agents'!$D$5:$D$36,">0",'AI Agents'!$D$5:$D$36,"<="&$M13,'AI Agents'!$E$5:$E$36,">="&$M13,'AI Agents'!$B$5:$B$36,"<>")+COUNTIFS('SG Website Plan'!$D$4:$D$41,">0",'SG Website Plan'!$D$4:$D$41,"<="&$M13,'SG Website Plan'!$E$4:$E$41,">="&$M13,'SG Website Plan'!$B$4:$B$41,"<>")+COUNTIFS('Food Safety Program'!$D$4:$D$69,">0",'Food Safety Program'!$D$4:$D$69,"<="&$M13,'Food Safety Program'!$E$4:$E$69,">="&$M13,'Food Safety Program'!$B$4:$B$69,"<>")+COUNTIFS('C-SAT Survey'!$D$4:$D$75,">0",'C-SAT Survey'!$D$4:$D$75,"<="&$M13,'C-SAT Survey'!$E$4:$E$75,">="&$M13,'C-SAT Survey'!$B$4:$B$75,"<>")+COUNTIFS('GPM&I'!$E$4:$E$115,">0",'GPM&I'!$E$4:$E$115,"<="&$M13,'GPM&I'!$F$4:$F$115,">="&$M13,'GPM&I'!$C$4:$C$115,"<>")+COUNTIFS('Trio Academy(LMS)'!$D$4:$D$164,">0",'Trio Academy(LMS)'!$D$4:$D$164,"<="&$M13,'Trio Academy(LMS)'!$E$4:$E$164,">="&$M13,'Trio Academy(LMS)'!$B$4:$B$164,"<>") -> 0 | R13: =COUNTIFS('AI Agents'!$E$5:$E$36,"<"&$M13,'AI Agents'!$E$5:$E$36,">0",'AI Agents'!$N$5:$N$36,"<1")+COUNTIFS('SG Website Plan'!$E$4:$E$41,"<"&$M13,'SG Website Plan'!$E$4:$E$41,">0",'SG Website Plan'!$L$4:$L$41,"<1")+COUNTIFS('Food Safety Program'!$E$4:$E$69,"<"&$M13,'Food Safety Program'!$E$4:$E$69,">0",'Food Safety Program'!$O$4:$O$69,"<1")+COUNTIFS('C-SAT Survey'!$E$4:$E$75,"<"&$M13,'C-SAT Survey'!$E$4:$E$75,">0",'C-SAT Survey'!$M$4:$M$75,"<1")+COUNTIFS('GPM&I'!$F$4:$F$115,"<"&$M13,'GPM&I'!$F$4:$F$115,">0",'GPM&I'!$M$4:$M$115,"<1")+COUNTIFS('Trio Academy(LMS)'!$E$4:$E$164,"<"&$M13,'Trio Academy(LMS)'!$E$4:$E$164,">0",'Trio Academy(LMS)'!$L$4:$L$164,"<1") -> 0
A14: TOTAL / OVERALL | B14: =SUM(B8:B13) -> 3 | C14: =SUM(C8:C13) -> 9 | D14: =SUM(D8:D13) -> 45 | E14: =SUM(E8:E13) -> 36 | F14: =SUM(F8:F13) -> 316 | G14: =SUM(G8:G13) -> 99 | H14: =SUM(H8:H13) -> 50 | I14: =SUM(I8:I13) -> 465 | J14: =IFERROR(F14/I14,0) -> 0.67956989 | K14: =IF(J14=1,"Complete",IF(J14>=0.5,"On Track","At Risk")) -> On Track | M14: =M13+1 -> #REF! | N14: =TEXT($M14,"ddd") -> #REF! | O14: =COUNTIFS('AI Agents'!$D$5:$D$36,$M14,'AI Agents'!$B$5:$B$36,"<>")+COUNTIFS('SG Website Plan'!$D$4:$D$41,$M14,'SG Website Plan'!$B$4:$B$41,"<>")+COUNTIFS('Food Safety Program'!$D$4:$D$69,$M14,'Food Safety Program'!$B$4:$B$69,"<>")+COUNTIFS('C-SAT Survey'!$D$4:$D$75,$M14,'C-SAT Survey'!$B$4:$B$75,"<>")+COUNTIFS('GPM&I'!$E$4:$E$115,$M14,'GPM&I'!$C$4:$C$115,"<>")+COUNTIFS('Trio Academy(LMS)'!$D$4:$D$164,$M14,'Trio Academy(LMS)'!$B$4:$B$164,"<>") -> 0 | P14: =COUNTIFS('AI Agents'!$E$5:$E$36,$M14,'AI Agents'!$B$5:$B$36,"<>")+COUNTIFS('SG Website Plan'!$E$4:$E$41,$M14,'SG Website Plan'!$B$4:$B$41,"<>")+COUNTIFS('Food Safety Program'!$E$4:$E$69,$M14,'Food Safety Program'!$B$4:$B$69,"<>")+COUNTIFS('C-SAT Survey'!$E$4:$E$75,$M14,'C-SAT Survey'!$B$4:$B$75,"<>")+COUNTIFS('GPM&I'!$F$4:$F$115,$M14,'GPM&I'!$C$4:$C$115,"<>")+COUNTIFS('Trio Academy(LMS)'!$E$4:$E$164,$M14,'Trio Academy(LMS)'!$B$4:$B$164,"<>") -> 0 | Q14: =COUNTIFS('AI Agents'!$D$5:$D$36,">0",'AI Agents'!$D$5:$D$36,"<="&$M14,'AI Agents'!$E$5:$E$36,">="&$M14,'AI Agents'!$B$5:$B$36,"<>")+COUNTIFS('SG Website Plan'!$D$4:$D$41,">0",'SG Website Plan'!$D$4:$D$41,"<="&$M14,'SG Website Plan'!$E$4:$E$41,">="&$M14,'SG Website Plan'!$B$4:$B$41,"<>")+COUNTIFS('Food Safety Program'!$D$4:$D$69,">0",'Food Safety Program'!$D$4:$D$69,"<="&$M14,'Food Safety Program'!$E$4:$E$69,">="&$M14,'Food Safety Program'!$B$4:$B$69,"<>")+COUNTIFS('C-SAT Survey'!$D$4:$D$75,">0",'C-SAT Survey'!$D$4:$D$75,"<="&$M14,'C-SAT Survey'!$E$4:$E$75,">="&$M14,'C-SAT Survey'!$B$4:$B$75,"<>")+COUNTIFS('GPM&I'!$E$4:$E$115,">0",'GPM&I'!$E$4:$E$115,"<="&$M14,'GPM&I'!$F$4:$F$115,">="&$M14,'GPM&I'!$C$4:$C$115,"<>")+COUNTIFS('Trio Academy(LMS)'!$D$4:$D$164,">0",'Trio Academy(LMS)'!$D$4:$D$164,"<="&$M14,'Trio Academy(LMS)'!$E$4:$E$164,">="&$M14,'Trio Academy(LMS)'!$B$4:$B$164,"<>") -> 0 | R14: =COUNTIFS('AI Agents'!$E$5:$E$36,"<"&$M14,'AI Agents'!$E$5:$E$36,">0",'AI Agents'!$N$5:$N$36,"<1")+COUNTIFS('SG Website Plan'!$E$4:$E$41,"<"&$M14,'SG Website Plan'!$E$4:$E$41,">0",'SG Website Plan'!$L$4:$L$41,"<1")+COUNTIFS('Food Safety Program'!$E$4:$E$69,"<"&$M14,'Food Safety Program'!$E$4:$E$69,">0",'Food Safety Program'!$O$4:$O$69,"<1")+COUNTIFS('C-SAT Survey'!$E$4:$E$75,"<"&$M14,'C-SAT Survey'!$E$4:$E$75,">0",'C-SAT Survey'!$M$4:$M$75,"<1")+COUNTIFS('GPM&I'!$F$4:$F$115,"<"&$M14,'GPM&I'!$F$4:$F$115,">0",'GPM&I'!$M$4:$M$115,"<1")+COUNTIFS('Trio Academy(LMS)'!$E$4:$E$164,"<"&$M14,'Trio Academy(LMS)'!$E$4:$E$164,">0",'Trio Academy(LMS)'!$L$4:$L$164,"<1") -> 0
M15: =M14+1 -> #REF! | N15: =TEXT($M15,"ddd") -> #REF! | O15: =COUNTIFS('AI Agents'!$D$5:$D$36,$M15,'AI Agents'!$B$5:$B$36,"<>")+COUNTIFS('SG Website Plan'!$D$4:$D$41,$M15,'SG Website Plan'!$B$4:$B$41,"<>")+COUNTIFS('Food Safety Program'!$D$4:$D$69,$M15,'Food Safety Program'!$B$4:$B$69,"<>")+COUNTIFS('C-SAT Survey'!$D$4:$D$75,$M15,'C-SAT Survey'!$B$4:$B$75,"<>")+COUNTIFS('GPM&I'!$E$4:$E$115,$M15,'GPM&I'!$C$4:$C$115,"<>")+COUNTIFS('Trio Academy(LMS)'!$D$4:$D$164,$M15,'Trio Academy(LMS)'!$B$4:$B$164,"<>") -> 0 | P15: =COUNTIFS('AI Agents'!$E$5:$E$36,$M15,'AI Agents'!$B$5:$B$36,"<>")+COUNTIFS('SG Website Plan'!$E$4:$E$41,$M15,'SG Website Plan'!$B$4:$B$41,"<>")+COUNTIFS('Food Safety Program'!$E$4:$E$69,$M15,'Food Safety Program'!$B$4:$B$69,"<>")+COUNTIFS('C-SAT Survey'!$E$4:$E$75,$M15,'C-SAT Survey'!$B$4:$B$75,"<>")+COUNTIFS('GPM&I'!$F$4:$F$115,$M15,'GPM&I'!$C$4:$C$115,"<>")+COUNTIFS('Trio Academy(LMS)'!$E$4:$E$164,$M15,'Trio Academy(LMS)'!$B$4:$B$164,"<>") -> 0 | Q15: =COUNTIFS('AI Agents'!$D$5:$D$36,">0",'AI Agents'!$D$5:$D$36,"<="&$M15,'AI Agents'!$E$5:$E$36,">="&$M15,'AI Agents'!$B$5:$B$36,"<>")+COUNTIFS('SG Website Plan'!$D$4:$D$41,">0",'SG Website Plan'!$D$4:$D$41,"<="&$M15,'SG Website Plan'!$E$4:$E$41,">="&$M15,'SG Website Plan'!$B$4:$B$41,"<>")+COUNTIFS('Food Safety Program'!$D$4:$D$69,">0",'Food Safety Program'!$D$4:$D$69,"<="&$M15,'Food Safety Program'!$E$4:$E$69,">="&$M15,'Food Safety Program'!$B$4:$B$69,"<>")+COUNTIFS('C-SAT Survey'!$D$4:$D$75,">0",'C-SAT Survey'!$D$4:$D$75,"<="&$M15,'C-SAT Survey'!$E$4:$E$75,">="&$M15,'C-SAT Survey'!$B$4:$B$75,"<>")+COUNTIFS('GPM&I'!$E$4:$E$115,">0",'GPM&I'!$E$4:$E$115,"<="&$M15,'GPM&I'!$F$4:$F$115,">="&$M15,'GPM&I'!$C$4:$C$115,"<>")+COUNTIFS('Trio Academy(LMS)'!$D$4:$D$164,">0",'Trio Academy(LMS)'!$D$4:$D$164,"<="&$M15,'Trio Academy(LMS)'!$E$4:$E$164,">="&$M15,'Trio Academy(LMS)'!$B$4:$B$164,"<>") -> 0 | R15: =COUNTIFS('AI Agents'!$E$5:$E$36,"<"&$M15,'AI Agents'!$E$5:$E$36,">0",'AI Agents'!$N$5:$N$36,"<1")+COUNTIFS('SG Website Plan'!$E$4:$E$41,"<"&$M15,'SG Website Plan'!$E$4:$E$41,">0",'SG Website Plan'!$L$4:$L$41,"<1")+COUNTIFS('Food Safety Program'!$E$4:$E$69,"<"&$M15,'Food Safety Program'!$E$4:$E$69,">0",'Food Safety Program'!$O$4:$O$69,"<1")+COUNTIFS('C-SAT Survey'!$E$4:$E$75,"<"&$M15,'C-SAT Survey'!$E$4:$E$75,">0",'C-SAT Survey'!$M$4:$M$75,"<1")+COUNTIFS('GPM&I'!$F$4:$F$115,"<"&$M15,'GPM&I'!$F$4:$F$115,">0",'GPM&I'!$M$4:$M$115,"<1")+COUNTIFS('Trio Academy(LMS)'!$E$4:$E$164,"<"&$M15,'Trio Academy(LMS)'!$E$4:$E$164,">0",'Trio Academy(LMS)'!$L$4:$L$164,"<1") -> 0
A16: TASK DETAIL — ACTIVE ON REPORT DATE + OVERDUE OPEN ITEMS | O16: =COUNTIFS('AI Agents'!$D$5:$D$36,$M16,'AI Agents'!$B$5:$B$36,"<>")+COUNTIFS('SG Website Plan'!$D$4:$D$41,$M16,'SG Website Plan'!$B$4:$B$41,"<>")+COUNTIFS('Food Safety Program'!$D$4:$D$69,$M16,'Food Safety Program'!$B$4:$B$69,"<>")+COUNTIFS('C-SAT Survey'!$D$4:$D$75,$M16,'C-SAT Survey'!$B$4:$B$75,"<>")+COUNTIFS('GPM&I'!$E$4:$E$115,$M16,'GPM&I'!$C$4:$C$115,"<>")+COUNTIFS('Trio Academy(LMS)'!$D$4:$D$164,$M16,'Trio Academy(LMS)'!$B$4:$B$164,"<>") -> 0 | P16: =COUNTIFS('AI Agents'!$E$5:$E$36,$M16,'AI Agents'!$B$5:$B$36,"<>")+COUNTIFS('SG Website Plan'!$E$4:$E$41,$M16,'SG Website Plan'!$B$4:$B$41,"<>")+COUNTIFS('Food Safety Program'!$E$4:$E$69,$M16,'Food Safety Program'!$B$4:$B$69,"<>")+COUNTIFS('C-SAT Survey'!$E$4:$E$75,$M16,'C-SAT Survey'!$B$4:$B$75,"<>")+COUNTIFS('GPM&I'!$F$4:$F$115,$M16,'GPM&I'!$C$4:$C$115,"<>")+COUNTIFS('Trio Academy(LMS)'!$E$4:$E$164,$M16,'Trio Academy(LMS)'!$B$4:$B$164,"<>") -> 0 | Q16: =COUNTIFS('AI Agents'!$D$5:$D$36,">0",'AI Agents'!$D$5:$D$36,"<="&$M16,'AI Agents'!$E$5:$E$36,">="&$M16,'AI Agents'!$B$5:$B$36,"<>")+COUNTIFS('SG Website Plan'!$D$4:$D$41,">0",'SG Website Plan'!$D$4:$D$41,"<="&$M16,'SG Website Plan'!$E$4:$E$41,">="&$M16,'SG Website Plan'!$B$4:$B$41,"<>")+COUNTIFS('Food Safety Program'!$D$4:$D$69,">0",'Food Safety Program'!$D$4:$D$69,"<="&$M16,'Food Safety Program'!$E$4:$E$69,">="&$M16,'Food Safety Program'!$B$4:$B$69,"<>")+COUNTIFS('C-SAT Survey'!$D$4:$D$75,">0",'C-SAT Survey'!$D$4:$D$75,"<="&$M16,'C-SAT Survey'!$E$4:$E$75,">="&$M16,'C-SAT Survey'!$B$4:$B$75,"<>")+COUNTIFS('GPM&I'!$E$4:$E$115,">0",'GPM&I'!$E$4:$E$115,"<="&$M16,'GPM&I'!$F$4:$F$115,">="&$M16,'GPM&I'!$C$4:$C$115,"<>")+COUNTIFS('Trio Academy(LMS)'!$D$4:$D$164,">0",'Trio Academy(LMS)'!$D$4:$D$164,"<="&$M16,'Trio Academy(LMS)'!$E$4:$E$164,">="&$M16,'Trio Academy(LMS)'!$B$4:$B$164,"<>") -> 0 | R16: =COUNTIFS('AI Agents'!$E$5:$E$36,"<"&$M16,'AI Agents'!$E$5:$E$36,">0",'AI Agents'!$N$5:$N$36,"<1")+COUNTIFS('SG Website Plan'!$E$4:$E$41,"<"&$M16,'SG Website Plan'!$E$4:$E$41,">0",'SG Website Plan'!$L$4:$L$41,"<1")+COUNTIFS('Food Safety Program'!$E$4:$E$69,"<"&$M16,'Food Safety Program'!$E$4:$E$69,">0",'Food Safety Program'!$O$4:$O$69,"<1")+COUNTIFS('C-SAT Survey'!$E$4:$E$75,"<"&$M16,'C-SAT Survey'!$E$4:$E$75,">0",'C-SAT Survey'!$M$4:$M$75,"<1")+COUNTIFS('GPM&I'!$F$4:$F$115,"<"&$M16,'GPM&I'!$F$4:$F$115,">0",'GPM&I'!$M$4:$M$115,"<1")+COUNTIFS('Trio Academy(LMS)'!$E$4:$E$164,"<"&$M16,'Trio Academy(LMS)'!$E$4:$E$164,">0",'Trio Academy(LMS)'!$L$4:$L$164,"<1") -> 0
A17: Project | B17: Task | C17: Resp | D17: Start Date | E17: End Date | F17: Done % | G17: Day Flag | H17: Days to Due
A18: {=_xlfn.LET(_xlpm.r,_xlfn.VSTACK(IFERROR(_xlfn._xlws.FILTER(_xlfn.HSTACK(IF('AI Agents'!$B$5:$B$36="","AI Agents (Mail Digest)","AI Agents (Mail Digest)"),'AI Agents'!$B$5:$B$36,'AI Agents'!$C$5:$C$36,'AI Agents'!$D$5:$D$36,'AI Agents'!$E$5:$E$36,IFERROR('AI Agents'!$N$5:$N$36,0)),('AI Agents'!$B$5:$B$36<>"")*('AI Agents'!$D$5:$D$36>0)*('AI Agents'!$E$5:$E$36>0)*((('AI Agents'!$D$5:$D$36<=$B$3)*('AI Agents'!$E$5:$E$36>=$B$3))+(('AI Agents'!$E$5:$E$36<$B$3)*(IFERROR('AI Agents'!$N$5:$N$36,0)<1))>0)),_xlfn.HSTACK("","","","","","")),IFERROR(_xlfn._xlws.FILTER(_xlfn.HSTACK(IF('SG Website Plan'!$B$4:$B$41="","SG Website Plan","SG Website Plan"),'SG Website Plan'!$B$4:$B$41,'SG Website Plan'!$C$4:$C$41,'SG Website Plan'!$D$4:$D$41,'SG Website Plan'!$E$4:$E$41,IFERROR('SG Website Plan'!$L$4:$L$41,0)),('SG Website Plan'!$B$4:$B$41<>"")*('SG Website Plan'!$D$4:$D$41>0)*('SG Website Plan'!$E$4:$E$41>0)*((('SG Website Plan'!$D$4:$D$41<=$B$3)*('SG Website Plan'!$E$4:$E$41>=$B$3))+(('SG Website Plan'!$E$4:$E$41<$B$3)*(IFERROR('SG Website Plan'!$L$4:$L$41,0)<1))>0)),_xlfn.HSTACK("","","","","","")),IFERROR(_xlfn._xlws.FILTER(_xlfn.HSTACK(IF('Food Safety Program'!$B$4:$B$69="","Food Safety Program","Food Safety Program"),'Food Safety Program'!$B$4:$B$69,'Food Safety Program'!$C$4:$C$69,'Food Safety Program'!$D$4:$D$69,'Food Safety Program'!$E$4:$E$69,IFERROR('Food Safety Program'!$O$4:$O$69,0)),('Food Safety Program'!$B$4:$B$69<>"")*('Food Safety Program'!$D$4:$D$69>0)*('Food Safety Program'!$E$4:$E$69>0)*((('Food Safety Program'!$D$4:$D$69<=$B$3)*('Food Safety Program'!$E$4:$E$69>=$B$3))+(('Food Safety Program'!$E$4:$E$69<$B$3)*(IFERROR('Food Safety Program'!$O$4:$O$69,0)<1))>0)),_xlfn.HSTACK("","","","","","")),IFERROR(_xlfn._xlws.FILTER(_xlfn.HSTACK(IF('C-SAT Survey'!$B$4:$B$75="","C-SAT Survey","C-SAT Survey"),'C-SAT Survey'!$B$4:$B$75,'C-SAT Survey'!$C$4:$C$75,'C-SAT Survey'!$D$4:$D$75,'C-SAT Survey'!$E$4:$E$75,IFERROR('C-SAT Survey'!$M$4:$M$75,0)),('C-SAT Survey'!$B$4:$B$75<>"")*('C-SAT Survey'!$D$4:$D$75>0)*('C-SAT Survey'!$E$4:$E$75>0)*((('C-SAT Survey'!$D$4:$D$75<=$B$3)*('C-SAT Survey'!$E$4:$E$75>=$B$3))+(('C-SAT Survey'!$E$4:$E$75<$B$3)*(IFERROR('C-SAT Survey'!$M$4:$M$75,0)<1))>0)),_xlfn.HSTACK("","","","","","")),IFERROR(_xlfn._xlws.FILTER(_xlfn.HSTACK(IF('GPM&I'!$B$4:$B$115="","GPM&I Project Plan","GPM&I Project Plan"),'GPM&I'!$B$4:$B$115,'GPM&I'!$D$4:$D$115,'GPM&I'!$D$4:$D$115,'GPM&I'!$E$4:$E$115,IFERROR('GPM&I'!$M$4:$M$115,0)),('GPM&I'!$B$4:$B$115<>"")*('GPM&I'!$D$4:$D$115>0)*('GPM&I'!$E$4:$E$115>0)*((('GPM&I'!$D$4:$D$115<=$B$3)*('GPM&I'!$E$4:$E$115>=$B$3))+(('GPM&I'!$E$4:$E$115<$B$3)*(IFERROR('GPM&I'!$M$4:$M$115,0)<1))>0)),_xlfn.HSTACK("","","","","","")),IFERROR(_xlfn._xlws.FILTER(_xlfn.HSTACK(IF('Trio Academy(LMS)'!$B$4:$B$164="","Trio Academy(LMS)","Trio Academy(LMS)"),'Trio Academy(LMS)'!$B$4:$B$164,'Trio Academy(LMS)'!$C$4:$C$164,'Trio Academy(LMS)'!$D$4:$D$164,'Trio Academy(LMS)'!$E$4:$E$164,IFERROR('Trio Academy(LMS)'!$L$4:$L$164,0)),('Trio Academy(LMS)'!$B$4:$B$164<>"")*('Trio Academy(LMS)'!$D$4:$D$164>0)*('Trio Academy(LMS)'!$E$4:$E$164>0)*((('Trio Academy(LMS)'!$D$4:$D$164<=$B$3)*('Trio Academy(LMS)'!$E$4:$E$164>=$B$3))+(('Trio Academy(LMS)'!$E$4:$E$164<$B$3)*(IFERROR('Trio Academy(LMS)'!$L$4:$L$164,0)<1))>0)),_xlfn.HSTACK("","","","","",""))),_xlfn._xlws.FILTER(_xlpm.r,INDEX(_xlpm.r,,2)<>""))} -> AI Agents (Mail Digest) | B18: T15 User acceptance test of live /digest command | C18: IA | D18: 46249 | E18: 46259 | F18: 0.42857143 | G18: =IF($B18="","",IF($E18<$B$3,"OVERDUE",IF($D18=$B$3,"STARTS TODAY",IF($E18=$B$3,"DUE TODAY","IN PROGRESS")))) -> OVERDUE | H18: =IF($B18="","",$E18-$B$3) -> -16
A19: AI Agents (Mail Digest) | B19: T25 Create SMTP credential in n8n | C19: IA | D19: 46259 | E19: 46270 | F19: 0.42857143 | G19: =IF($B19="","",IF($E19<$B$3,"OVERDUE",IF($D19=$B$3,"STARTS TODAY",IF($E19=$B$3,"DUE TODAY","IN PROGRESS")))) -> OVERDUE | H19: =IF($B19="","",$E19-$B$3) -> -5
A20: AI Agents (Mail Digest) | B20: T26 Create Telegram credential for @hemaminibot | C20: IA | D20: 46259 | E20: 46270 | F20: 0.42857143 | G20: =IF($B20="","",IF($E20<$B$3,"OVERDUE",IF($D20=$B$3,"STARTS TODAY",IF($E20=$B$3,"DUE TODAY","IN PROGRESS")))) -> OVERDUE | H20: =IF($B20="","",$E20-$B$3) -> -5
A21: AI Agents (Mail Digest) | B21: T27 Wire new credentials into workflow nodes | C21: IA | D21: 46259 | E21: 46270 | F21: 0.42857143 | G21: =IF($B21="","",IF($E21<$B$3,"OVERDUE",IF($D21=$B$3,"STARTS TODAY",IF($E21=$B$3,"DUE TODAY","IN PROGRESS")))) -> OVERDUE | H21: =IF($B21="","",$E21-$B$3) -> -5
A22: AI Agents (Mail Digest) | B22: T28 Activate all three n8n workflows | C22: IA | D22: 46259 | E22: 46270 | F22: 0.42857143 | G22: =IF($B22="","",IF($E22<$B$3,"OVERDUE",IF($D22=$B$3,"STARTS TODAY",IF($E22=$B$3,"DUE TODAY","IN PROGRESS")))) -> OVERDUE | H22: =IF($B22="","",$E22-$B$3) -> -5
A23: AI Agents (Mail Digest) | B23: T29 Live-verify Mail Capture field mapping | C23: IA | D23: 46259 | E23: 46270 | F23: 0.42857143 | G23: =IF($B23="","",IF($E23<$B$3,"OVERDUE",IF($D23=$B$3,"STARTS TODAY",IF($E23=$B$3,"DUE TODAY","IN PROGRESS")))) -> OVERDUE | H23: =IF($B23="","",$E23-$B$3) -> -5
A24: AI Agents (Mail Digest) | B24: T30 Add Telegram command routing (/high /search /read) | C24: IA | D24: 46259 | E24: 46270 | F24: 0 | G24: =IF($B24="","",IF($E24<$B$3,"OVERDUE",IF($D24=$B$3,"STARTS TODAY",IF($E24=$B$3,"DUE TODAY","IN PROGRESS")))) -> OVERDUE | H24: =IF($B24="","",$E24-$B$3) -> -5
A25: AI Agents (Mail Digest) | B25: T31 Add Data Table retention/cleanup | C25: IA | D25: 46259 | E25: 46270 | F25: 0 | G25: =IF($B25="","",IF($E25<$B$3,"OVERDUE",IF($D25=$B$3,"STARTS TODAY",IF($E25=$B$3,"DUE TODAY","IN PROGRESS")))) -> OVERDUE | H25: =IF($B25="","",$E25-$B$3) -> -5
A26: SG Website Plan | B26: Get Proc Content Writing | C26: IA - MM | D26: 46244 | E26: 46246 | F26: 0.4 | G26: =IF($B26="","",IF($E26<$B$3,"OVERDUE",IF($D26=$B$3,"STARTS TODAY",IF($E26=$B$3,"DUE TODAY","IN PROGRESS")))) -> OVERDUE | H26: =IF($B26="","",$E26-$B$3) -> -29
A27: SG Website Plan | B27: Get SS&C Content Writing | C27: IA - MM | D27: 46244 | E27: 46246 | F27: 0.8 | G27: =IF($B27="","",IF($E27<$B$3,"OVERDUE",IF($D27=$B$3,"STARTS TODAY",IF($E27=$B$3,"DUE TODAY","IN PROGRESS")))) -> OVERDUE | H27: =IF($B27="","",$E27-$B$3) -> -29
A28: Food Safety Program | B28: LMS Marketing Campain | C28: MAS - IA -MM | D28: 46228 | E28: 46266 | F28: 0.625 | G28: =IF($B28="","",IF($E28<$B$3,"OVERDUE",IF($D28=$B$3,"STARTS TODAY",IF($E28=$B$3,"DUE TODAY","IN PROGRESS")))) -> OVERDUE | H28: =IF($B28="","",$E28-$B$3) -> -9
A29: Food Safety Program | B29: * Launch Site Competition | C29: IA | D29: 46235 | E29: 46239 | F29: 0.625 | G29: =IF($B29="","",IF($E29<$B$3,"OVERDUE",IF($D29=$B$3,"STARTS TODAY",IF($E29=$B$3,"DUE TODAY","IN PROGRESS")))) -> OVERDUE | H29: =IF($B29="","",$E29-$B$3) -> -36
A30: Food Safety Program | B30: * Announce Best Performing Site | C30: IA | D30: 46254 | E30: 46264 | F30: 0.625 | G30: =IF($B30="","",IF($E30<$B$3,"OVERDUE",IF($D30=$B$3,"STARTS TODAY",IF($E30=$B$3,"DUE TODAY","IN PROGRESS")))) -> OVERDUE | H30: =IF($B30="","",$E30-$B$3) -> -11
... A79: C-SAT Survey | B79: ** Comprehensive project documentation (README.md) covering setup, build and deployment | C79: IA-MH | D79: 46249 | E79: 46280 | F79: 1 | G79: =IF($B79="","",IF($E79<$B$3,"OVERDUE",IF($D79=$B$3,"STARTS TODAY",IF($E79=$B$3,"DUE TODAY","IN PROGRESS")))) -> IN PROGRESS | H79: =IF($B79="","",$E79-$B$3) -> 5
A80: C-SAT Survey | B80: * Next Phase / Future Roadmap | C80: 0 | D80: 46260 | E80: 46275 | F80: 0 | G80: =IF($B80="","",IF($E80<$B$3,"OVERDUE",IF($D80=$B$3,"STARTS TODAY",IF($E80=$B$3,"DUE TODAY","IN PROGRESS")))) -> DUE TODAY | H80: =IF($B80="","",$E80-$B$3) -> 0
A81: C-SAT Survey | B81: ** [High Priority] Automated notifications (Email/WhatsApp) to site manager & quality supervisor on critical rating below 4/10 for immediate action during meal service | C81: IA-MH | D81: 46260 | E81: 46275 | F81: 0 | G81: =IF($B81="","",IF($E81<$B$3,"OVERDUE",IF($D81=$B$3,"STARTS TODAY",IF($E81=$B$3,"DUE TODAY","IN PROGRESS")))) -> DUE TODAY | H81: =IF($B81="","",$E81-$B$3) -> 0
A82: C-SAT Survey | B82: ** [High Priority] Multi-role user permissions (RBAC): Super Admin (all branches), Site Manager (own branch only), Quality Auditor (reports only) | C82: IA-MH | D82: 46260 | E82: 46275 | F82: 0 | G82: =IF($B82="","",IF($E82<$B$3,"OVERDUE",IF($D82=$B$3,"STARTS TODAY",IF($E82=$B$3,"DUE TODAY","IN PROGRESS")))) -> DUE TODAY | H82: =IF($B82="","",$E82-$B$3) -> 0
A83: C-SAT Survey | B83: ** [Medium Priority] Meal shift classification filter (breakfast/lunch/dinner/suhoor/dry ration) to analyze quality per work shift | C83: IA-MH | D83: 46260 | E83: 46275 | F83: 0 | G83: =IF($B83="","",IF($E83<$B$3,"OVERDUE",IF($D83=$B$3,"STARTS TODAY",IF($E83=$B$3,"DUE TODAY","IN PROGRESS")))) -> DUE TODAY | H83: =IF($B83="","",$E83-$B$3) -> 0
A84: C-SAT Survey | B84: ** [Medium Priority] Photo upload with survey complaints so workers can attach a picture of the meal/dish to document issues for central kitchen teams | C84: IA-MH | D84: 46260 | E84: 46275 | F84: 0 | G84: =IF($B84="","",IF($E84<$B$3,"OVERDUE",IF($D84=$B$3,"STARTS TODAY",IF($E84=$B$3,"DUE TODAY","IN PROGRESS")))) -> DUE TODAY | H84: =IF($B84="","",$E84-$B$3) -> 0
A85: C-SAT Survey | B85: ** [Enhancement] Scheduled executive digest: automated weekly/monthly PDF summary report emailed to Trio Catering senior management | C85: IA-MH | D85: 46260 | E85: 46275 | F85: 0 | G85: =IF($B85="","",IF($E85<$B$3,"OVERDUE",IF($D85=$B$3,"STARTS TODAY",IF($E85=$B$3,"DUE TODAY","IN PROGRESS")))) -> DUE TODAY | H85: =IF($B85="","",$E85-$B$3) -> 0
A86: C-SAT Survey | B86: ** [Enhancement] Additional language support (Arabic / English / Urdu / Hindi) in survey interface to cover expatriate workforce at factories and sites | C86: IA-MH | D86: 46260 | E86: 46275 | F86: 0 | G86: =IF($B86="","",IF($E86<$B$3,"OVERDUE",IF($D86=$B$3,"STARTS TODAY",IF($E86=$B$3,"DUE TODAY","IN PROGRESS")))) -> DUE TODAY | H86: =IF($B86="","",$E86-$B$3) -> 0
A87: GPM&I Project Plan | B87: 1 | C87: MAS & MM & IA | D87: MAS & MM & IA | E87: 46272 | F87: 0 | G87: =IF($B87="","",IF($E87<$B$3,"OVERDUE",IF($D87=$B$3,"STARTS TODAY",IF($E87=$B$3,"DUE TODAY","IN PROGRESS")))) -> OVERDUE | H87: =IF($B87="","",$E87-$B$3) -> -3
A88: Trio Academy(LMS) | B88: Create Certificate Template for Food Safety | C88: IA | D88: 46271 | E88: 46271 | F88: 0.6 | G88: =IF($B88="","",IF($E88<$B$3,"OVERDUE",IF($D88=$B$3,"STARTS TODAY",IF($E88=$B$3,"DUE TODAY","IN PROGRESS")))) -> OVERDUE | H88: =IF($B88="","",$E88-$B$3) -> -4
A89: Trio Academy(LMS) | B89: Optimize Certificate Page and Backend | C89: IA | D89: 46271 | E89: 46271 | F89: 0.4 | G89: =IF($B89="","",IF($E89<$B$3,"OVERDUE",IF($D89=$B$3,"STARTS TODAY",IF($E89=$B$3,"DUE TODAY","IN PROGRESS")))) -> OVERDUE | H89: =IF($B89="","",$E89-$B$3) -> -4
G90: =IF($B90="","",IF($E90<$B$3,"OVERDUE",IF($D90=$B$3,"STARTS TODAY",IF($E90=$B$3,"DUE TODAY","IN PROGRESS")))) | H90: =IF($B90="","",$E90-$B$3)
G91: =IF($B91="","",IF($E91<$B$3,"OVERDUE",IF($D91=$B$3,"STARTS TODAY",IF($E91=$B$3,"DUE TODAY","IN PROGRESS")))) | H91: =IF($B91="","",$E91-$B$3)
G92: =IF($B92="","",IF($E92<$B$3,"OVERDUE",IF($D92=$B$3,"STARTS TODAY",IF($E92=$B$3,"DUE TODAY","IN PROGRESS")))) | H92: =IF($B92="","",$E92-$B$3)
G93: =IF($B93="","",IF($E93<$B$3,"OVERDUE",IF($D93=$B$3,"STARTS TODAY",IF($E93=$B$3,"DUE TODAY","IN PROGRESS")))) | H93: =IF($B93="","",$E93-$B$3)
G94: =IF($B94="","",IF($E94<$B$3,"OVERDUE",IF($D94=$B$3,"STARTS TODAY",IF($E94=$B$3,"DUE TODAY","IN PROGRESS")))) | H94: =IF($B94="","",$E94-$B$3)
G95: =IF($B95="","",IF($E95<$B$3,"OVERDUE",IF($D95=$B$3,"STARTS TODAY",IF($E95=$B$3,"DUE TODAY","IN PROGRESS")))) | H95: =IF($B95="","",$E95-$B$3)
G96: =IF($B96="","",IF($E96<$B$3,"OVERDUE",IF($D96=$B$3,"STARTS TODAY",IF($E96=$B$3,"DUE TODAY","IN PROGRESS")))) | H96: =IF($B96="","",$E96-$B$3)
G97: =IF($B97="","",IF($E97<$B$3,"OVERDUE",IF($D97=$B$3,"STARTS TODAY",IF($E97=$B$3,"DUE TODAY","IN PROGRESS")))) | H97: =IF($B97="","",$E97-$B$3)
G98: =IF($B98="","",IF($E98<$B$3,"OVERDUE",IF($D98=$B$3,"STARTS TODAY",IF($E98=$B$3,"DUE TODAY","IN PROGRESS")))) | H98: =IF($B98="","",$E98-$B$3)
G99: =IF($B99="","",IF($E99<$B$3,"OVERDUE",IF($D99=$B$3,"STARTS TODAY",IF($E99=$B$3,"DUE TODAY","IN PROGRESS")))) | H99: =IF($B99="","",$E99-$B$3)
G100: =IF($B100="","",IF($E100<$B$3,"OVERDUE",IF($D100=$B$3,"STARTS TODAY",IF($E100=$B$3,"DUE TODAY","IN PROGRESS")))) | H100: =IF($B100="","",$E100-$B$3)
G101: =IF($B101="","",IF($E101<$B$3,"OVERDUE",IF($D101=$B$3,"STARTS TODAY",IF($E101=$B$3,"DUE TODAY","IN PROGRESS")))) | H101: =IF($B101="","",$E101-$B$3)
... G119: =IF($B119="","",IF($E119<$B$3,"OVERDUE",IF($D119=$B$3,"STARTS TODAY",IF($E119=$B$3,"DUE TODAY","IN PROGRESS")))) | H119: =IF($B119="","",$E119-$B$3)

Sheet Cloud's Chatbot

Sheet C-SAT Survey
A1: C-SaT Survay Project Plan 24/08/2026 | F1: Progress | O1: STATUS SUMMARY
A2: S | B2: C-SaT Survay | C2: Resp | D2: Start Date | E2: End Date | F2: Project concept approval | G2: Project paln & approval | H2: Implementaion | O2: Done | P2: =COUNTIFS($M$4:$M$75,1) -> 57 | Q2: =IFERROR(P2/P$6,0) -> 0.87692308
H3: CEO | I3: AI | J3: IT | K3: OPS | L3: Missing | M3: Done | O3: In progress / Pending | P3: =COUNTIFS($M$4:$M$75,">0",$M$4:$M$75,"<1") -> 0 | Q3: =IFERROR(P3/P$6,0) -> 0
B4: Planning & Setup | F4: TRUE | G4: TRUE | H4: TRUE | I4: TRUE | J4: TRUE | K4: TRUE | O4: Backlog / Not started | P4: =COUNTIFS($M$4:$M$75,0) -> 8 | Q4: =IFERROR(P4/P$6,0) -> 0.12307692
A5: 1 | B5: Planning for Implementation | C5: IA-MH | D5: 46231 | E5: 46232 | F5: TRUE | G5: TRUE | H5: TRUE | I5: TRUE | J5: TRUE | K5: TRUE | L5: =IF(COUNTA(F5:K5)=0,"",1-M5) -> 0 | M5: =IF(COUNTA(F5:K5)=0,"",COUNTIF(F5:K5,TRUE)/COUNTA(F5:K5)) -> 1 | O5: Overall completion | P5: =IFERROR(AVERAGE($M$4:$M$75),0) -> 0.87692308
A6: 2 | B6: Creating Google Forms | C6: IA-MH | D6: 46232 | E6: 46232 | F6: TRUE | G6: TRUE | H6: TRUE | I6: TRUE | J6: TRUE | K6: TRUE | L6: =IF(COUNTA(F6:K6)=0,"",1-M6) -> 0 | M6: =IF(COUNTA(F6:K6)=0,"",COUNTIF(F6:K6,TRUE)/COUNTA(F6:K6)) -> 1 | O6: Total tasks | P6: =COUNT($M$4:$M$75) -> 65
A7: 3 | B7: Review | C7: IA-MH-MAS | D7: 46232 | E7: 46233 | F7: TRUE | G7: TRUE | H7: TRUE | I7: TRUE | J7: TRUE | K7: TRUE | L7: =IF(COUNTA(F7:K7)=0,"",1-M7) -> 0 | M7: =IF(COUNTA(F7:K7)=0,"",COUNTIF(F7:K7,TRUE)/COUNTA(F7:K7)) -> 1
A8: 4 | B8: Generate QR for Forms | C8: IA-MH | D8: 46232 | E8: 46233 | F8: TRUE | G8: TRUE | H8: TRUE | I8: TRUE | J8: TRUE | K8: TRUE | L8: =IF(COUNTA(F8:K8)=0,"",1-M8) -> 0 | M8: =IF(COUNTA(F8:K8)=0,"",COUNTIF(F8:K8,TRUE)/COUNTA(F8:K8)) -> 1
A9: 5 | B9: Test Forms with QR code | C9: IA-MH-MM-AM | D9: 46232 | E9: 46233 | F9: TRUE | G9: TRUE | H9: TRUE | I9: TRUE | J9: TRUE | K9: TRUE | L9: =IF(COUNTA(F9:K9)=0,"",1-M9) -> 0 | M9: =IF(COUNTA(F9:K9)=0,"",COUNTIF(F9:K9,TRUE)/COUNTA(F9:K9)) -> 1
A10: 6 | B10: Deliver QR code | C10: IA-MH | D10: 46233 | F10: TRUE | G10: TRUE | H10: TRUE | I10: TRUE | J10: TRUE | K10: TRUE | L10: =IF(COUNTA(F10:K10)=0,"",1-M10) -> 0 | M10: =IF(COUNTA(F10:K10)=0,"",COUNTIF(F10:K10,TRUE)/COUNTA(F10:K10)) -> 1
B11: Site Rollout (Client Deployments) | F11: TRUE | G11: TRUE | H11: TRUE | I11: TRUE | J11: TRUE | K11: TRUE
A12: 7 | B12: * MARS | C12: IA-MH | D12: 46234 | E12: 46249 | F12: TRUE | G12: TRUE | H12: TRUE | I12: TRUE | J12: TRUE | K12: TRUE | L12: =IF(COUNTA(F12:K12)=0,"",1-M12) -> 0 | M12: =IF(COUNTA(F12:K12)=0,"",COUNTIF(F12:K12,TRUE)/COUNTA(F12:K12)) -> 1
A13: 8 | B13: * EDITA: | C13: IA-MH | D13: 46235 | E13: 46241 | F13: TRUE | G13: TRUE | H13: TRUE | I13: TRUE | J13: TRUE | K13: TRUE | L13: =IF(COUNTA(F13:K13)=0,"",1-M13) -> 0 | M13: =IF(COUNTA(F13:K13)=0,"",COUNTIF(F13:K13,TRUE)/COUNTA(F13:K13)) -> 1
A14: 9 | B14: ** EDITA-6 | C14: IA-MH | D14: 46236 | E14: 46236 | F14: TRUE | G14: TRUE | H14: TRUE | I14: TRUE | J14: TRUE | K14: TRUE | L14: =IF(COUNTA(F14:K14)=0,"",1-M14) -> 0 | M14: =IF(COUNTA(F14:K14)=0,"",COUNTIF(F14:K14,TRUE)/COUNTA(F14:K14)) -> 1
A15: 10 | B15: ** EDITA-7 | C15: IA-MH | D15: 46237 | E15: 46237 | F15: TRUE | G15: TRUE | H15: TRUE | I15: TRUE | J15: TRUE | K15: TRUE | L15: =IF(COUNTA(F15:K15)=0,"",1-M15) -> 0 | M15: =IF(COUNTA(F15:K15)=0,"",COUNTIF(F15:K15,TRUE)/COUNTA(F15:K15)) -> 1
A16: 11 | B16: ** EDITA-8 | C16: IA-MH | D16: 46238 | E16: 46238 | F16: TRUE | G16: TRUE | H16: TRUE | I16: TRUE | J16: TRUE | K16: TRUE | L16: =IF(COUNTA(F16:K16)=0,"",1-M16) -> 0 | M16: =IF(COUNTA(F16:K16)=0,"",COUNTIF(F16:K16,TRUE)/COUNTA(F16:K16)) -> 1
A17: 12 | B17: ** EDITA-9 | C17: IA-MH | D17: 46239 | E17: 46239 | F17: TRUE | G17: TRUE | H17: TRUE | I17: TRUE | J17: TRUE | K17: TRUE | L17: =IF(COUNTA(F17:K17)=0,"",1-M17) -> 0 | M17: =IF(COUNTA(F17:K17)=0,"",COUNTIF(F17:K17,TRUE)/COUNTA(F17:K17)) -> 1
A18: 13 | B18: ** EDITA-10 | C18: IA-MH | D18: 46240 | E18: 46240 | F18: TRUE | G18: TRUE | H18: TRUE | I18: TRUE | J18: TRUE | K18: TRUE | L18: =IF(COUNTA(F18:K18)=0,"",1-M18) -> 0 | M18: =IF(COUNTA(F18:K18)=0,"",COUNTIF(F18:K18,TRUE)/COUNTA(F18:K18)) -> 1
A19: 14 | B19: ** EDITA-15 | C19: IA-MH | D19: 46241 | E19: 46241 | F19: TRUE | G19: TRUE | H19: TRUE | I19: TRUE | J19: TRUE | K19: TRUE | L19: =IF(COUNTA(F19:K19)=0,"",1-M19) -> 0 | M19: =IF(COUNTA(F19:K19)=0,"",COUNTIF(F19:K19,TRUE)/COUNTA(F19:K19)) -> 1
A20: 15 | B20: * MONDELEZ: | C20: IA-MH | D20: 46242 | E20: 46245 | F20: TRUE | G20: TRUE | H20: TRUE | I20: TRUE | J20: TRUE | K20: TRUE | L20: =IF(COUNTA(F20:K20)=0,"",1-M20) -> 0 | M20: =IF(COUNTA(F20:K20)=0,"",COUNTIF(F20:K20,TRUE)/COUNTA(F20:K20)) -> 1
A21: 16 | B21: ** MONDELEZ BEA | C21: IA-MH | D21: 46243 | E21: 46243 | F21: TRUE | G21: TRUE | H21: TRUE | I21: TRUE | J21: TRUE | K21: TRUE | L21: =IF(COUNTA(F21:K21)=0,"",1-M21) -> 0 | M21: =IF(COUNTA(F21:K21)=0,"",COUNTIF(F21:K21,TRUE)/COUNTA(F21:K21)) -> 1
A22: 17 | B22: ** MONDELEZ C-TOR | C22: IA-MH | D22: 46244 | E22: 46244 | F22: TRUE | G22: TRUE | H22: TRUE | I22: TRUE | J22: TRUE | K22: TRUE | L22: =IF(COUNTA(F22:K22)=0,"",1-M22) -> 0 | M22: =IF(COUNTA(F22:K22)=0,"",COUNTIF(F22:K22,TRUE)/COUNTA(F22:K22)) -> 1
A23: 18 | B23: ** MONDELEZ B-TOR | C23: IA-MH | D23: 46245 | E23: 46245 | F23: TRUE | G23: TRUE | H23: TRUE | I23: TRUE | J23: TRUE | K23: TRUE | L23: =IF(COUNTA(F23:K23)=0,"",1-M23) -> 0 | M23: =IF(COUNTA(F23:K23)=0,"",COUNTIF(F23:K23,TRUE)/COUNTA(F23:K23)) -> 1
... A27: 22 | B27: * PEPSI TANTA | C27: IA-MH | D27: 46249 | E27: 46249 | F27: TRUE | G27: TRUE | H27: TRUE | I27: TRUE | J27: TRUE | K27: TRUE | L27: =IF(COUNTA(F27:K27)=0,"",1-M27) -> 0 | M27: =IF(COUNTA(F27:K27)=0,"",COUNTIF(F27:K27,TRUE)/COUNTA(F27:K27)) -> 1
B28: Analysis & Design (UX/Survey Interface) | F28: TRUE | G28: TRUE | H28: TRUE | I28: TRUE | J28: TRUE | K28: TRUE
A29: 23 | B29: Analysis Each site alone | C29: IA-MH | D29: 46249 | E29: 46280 | F29: TRUE | G29: TRUE | H29: TRUE | I29: TRUE | J29: TRUE | K29: TRUE | L29: =IF(COUNTA(F29:K29)=0,"",1-M29) -> 0 | M29: =IF(COUNTA(F29:K29)=0,"",COUNTIF(F29:K29,TRUE)/COUNTA(F29:K29)) -> 1
A30: 24 | B30: * Survey Interface & Worker UX | C30: IA-MH | D30: 46249 | E30: 46280 | F30: TRUE | G30: TRUE | H30: TRUE | I30: TRUE | J30: TRUE | K30: TRUE | L30: =IF(COUNTA(F30:K30)=0,"",1-M30) -> 0 | M30: =IF(COUNTA(F30:K30)=0,"",COUNTIF(F30:K30,TRUE)/COUNTA(F30:K30)) -> 1
A31: 25 | B31: ** Build 1-10 rating scale UI with color-coded guidance (1-3 unsatisfied, 4-8 satisfied, 9-10 excellent) | C31: IA-MH | D31: 46249 | E31: 46280 | F31: TRUE | G31: TRUE | H31: TRUE | I31: TRUE | J31: TRUE | K31: TRUE | L31: =IF(COUNTA(F31:K31)=0,"",1-M31) -> 0 | M31: =IF(COUNTA(F31:K31)=0,"",COUNTIF(F31:K31,TRUE)/COUNTA(F31:K31)) -> 1
A32: 26 | B32: ** Program the 12 approved quality criteria (meal quality, taste, quantity, variety, temperature, cleanliness, staff, speed, packaging, hall cleanliness, meal timing, overall satisfaction) | C32: IA-MH | D32: 46249 | E32: 46280 | F32: TRUE | G32: TRUE | H32: TRUE | I32: TRUE | J32: TRUE | K32: TRUE | L32: =IF(COUNTA(F32:K32)=0,"",1-M32) -> 0 | M32: =IF(COUNTA(F32:K32)=0,"",COUNTIF(F32:K32,TRUE)/COUNTA(F32:K32)) -> 1
A33: 27 | B33: ** Full mobile & touchscreen responsive support for field devices | C33: IA-MH | D33: 46249 | E33: 46280 | F33: TRUE | G33: TRUE | H33: TRUE | I33: TRUE | J33: TRUE | K33: TRUE | L33: =IF(COUNTA(F33:K33)=0,"",1-M33) -> 0 | M33: =IF(COUNTA(F33:K33)=0,"",COUNTIF(F33:K33,TRUE)/COUNTA(F33:K33)) -> 1
A34: 28 | B34: ** Full Arabic (RTL) language support with correct number ordering | C34: IA-MH | D34: 46249 | E34: 46280 | F34: TRUE | G34: TRUE | H34: TRUE | I34: TRUE | J34: TRUE | K34: TRUE | L34: =IF(COUNTA(F34:K34)=0,"",1-M34) -> 0 | M34: =IF(COUNTA(F34:K34)=0,"",COUNTIF(F34:K34,TRUE)/COUNTA(F34:K34)) -> 1
A35: 29 | B35: ** Optional notes fields for worker name, suggestions and complaints with timestamp | C35: IA-MH | D35: 46249 | E35: 46280 | F35: TRUE | G35: TRUE | H35: TRUE | I35: TRUE | J35: TRUE | K35: TRUE | L35: =IF(COUNTA(F35:K35)=0,"",1-M35) -> 0 | M35: =IF(COUNTA(F35:K35)=0,"",COUNTIF(F35:K35,TRUE)/COUNTA(F35:K35)) -> 1
B36: Admin Dashboard & Analytics | F36: TRUE | G36: TRUE | H36: TRUE | I36: TRUE | J36: TRUE | K36: TRUE
A37: 30 | B37: * Executive Admin Dashboard | C37: IA-MH | D37: 46249 | E37: 46280 | F37: TRUE | G37: TRUE | H37: TRUE | I37: TRUE | J37: TRUE | K37: TRUE | L37: =IF(COUNTA(F37:K37)=0,"",1-M37) -> 0 | M37: =IF(COUNTA(F37:K37)=0,"",COUNTIF(F37:K37,TRUE)/COUNTA(F37:K37)) -> 1
A38: 31 | B38: ** Live KPI dashboard: overall CSAT, average score, Promoters/Passives/Detractors classification | C38: IA-MH | D38: 46249 | E38: 46280 | F38: TRUE | G38: TRUE | H38: TRUE | I38: TRUE | J38: TRUE | K38: TRUE | L38: =IF(COUNTA(F38:K38)=0,"",1-M38) -> 0 | M38: =IF(COUNTA(F38:K38)=0,"",COUNTIF(F38:K38,TRUE)/COUNTA(F38:K38)) -> 1
A39: 32 | B39: ** Interactive D3 arc gauge for real-time satisfaction % vs. target | C39: IA-MH | D39: 46249 | E39: 46280 | F39: TRUE | G39: TRUE | H39: TRUE | I39: TRUE | J39: TRUE | K39: TRUE | L39: =IF(COUNTA(F39:K39)=0,"",1-M39) -> 0 | M39: =IF(COUNTA(F39:K39)=0,"",COUNTIF(F39:K39,TRUE)/COUNTA(F39:K39)) -> 1
A40: 33 | B40: ** Side-by-side dual branch/factory comparison tool | C40: IA-MH | D40: 46249 | E40: 46280 | F40: TRUE | G40: TRUE | H40: TRUE | I40: TRUE | J40: TRUE | K40: TRUE | L40: =IF(COUNTA(F40:K40)=0,"",1-M40) -> 0 | M40: =IF(COUNTA(F40:K40)=0,"",COUNTIF(F40:K40,TRUE)/COUNTA(F40:K40)) -> 1
A41: 34 | B41: ** Critical alert system: auto-flag ratings below 6.0 with acknowledge/follow-up action | C41: IA-MH | D41: 46249 | E41: 46280 | F41: TRUE | G41: TRUE | H41: TRUE | I41: TRUE | J41: TRUE | K41: TRUE | L41: =IF(COUNTA(F41:K41)=0,"",1-M41) -> 0 | M41: =IF(COUNTA(F41:K41)=0,"",COUNTIF(F41:K41,TRUE)/COUNTA(F41:K41)) -> 1
A42: 35 | B42: ** Advanced date & site filters (today, yesterday, last 7/30 days, this month, custom range) | C42: IA-MH | D42: 46249 | E42: 46280 | F42: TRUE | G42: TRUE | H42: TRUE | I42: TRUE | J42: TRUE | K42: TRUE | L42: =IF(COUNTA(F42:K42)=0,"",1-M42) -> 0 | M42: =IF(COUNTA(F42:K42)=0,"",COUNTIF(F42:K42,TRUE)/COUNTA(F42:K42)) -> 1
A43: 36 | B43: * Gemini AI Deep-Dive Analytics | C43: IA-MH | D43: 46249 | E43: 46280 | F43: TRUE | G43: TRUE | H43: TRUE | I43: TRUE | J43: TRUE | K43: TRUE | L43: =IF(COUNTA(F43:K43)=0,"",1-M43) -> 0 | M43: =IF(COUNTA(F43:K43)=0,"",COUNTIF(F43:K43,TRUE)/COUNTA(F43:K43)) -> 1
A44: 37 | B44: ** Backend integration with Google Gemini for periodic executive summary of all worker feedback | C44: IA-MH | D44: 46249 | E44: 46280 | F44: TRUE | G44: TRUE | H44: TRUE | I44: TRUE | J44: TRUE | K44: TRUE | L44: =IF(COUNTA(F44:K44)=0,"",1-M44) -> 0 | M44: =IF(COUNTA(F44:K44)=0,"",COUNTIF(F44:K44,TRUE)/COUNTA(F44:K44)) -> 1
A45: 38 | B45: ** Automated sentiment & root-cause classification of complaints/suggestions by service theme and priority | C45: IA-MH | D45: 46249 | E45: 46280 | F45: TRUE | G45: TRUE | H45: TRUE | I45: TRUE | J45: TRUE | K45: TRUE | L45: =IF(COUNTA(F45:K45)=0,"",1-M45) -> 0 | M45: =IF(COUNTA(F45:K45)=0,"",COUNTIF(F45:K45,TRUE)/COUNTA(F45:K45)) -> 1
A46: 39 | B46: ** Auto-generated corrective action list for kitchen & food service teams | C46: IA-MH | D46: 46249 | E46: 46280 | F46: TRUE | G46: TRUE | H46: TRUE | I46: TRUE | J46: TRUE | K46: TRUE | L46: =IF(COUNTA(F46:K46)=0,"",1-M46) -> 0 | M46: =IF(COUNTA(F46:K46)=0,"",COUNTIF(F46:K46,TRUE)/COUNTA(F46:K46)) -> 1
B47: Site Management & Access Control | F47: TRUE | G47: TRUE | H47: TRUE | I47: TRUE | J47: TRUE | K47: TRUE
A48: 40 | B48: * Site Management & Access Control | C48: IA-MH | D48: 46249 | E48: 46280 | F48: TRUE | G48: TRUE | H48: TRUE | I48: TRUE | J48: TRUE | K48: TRUE | L48: =IF(COUNTA(F48:K48)=0,"",1-M48) -> 0 | M48: =IF(COUNTA(F48:K48)=0,"",COUNTIF(F48:K48,TRUE)/COUNTA(F48:K48)) -> 1
A49: 41 | B49: ** Create and manage branches/factories with activate/deactivate toggle and instant save | C49: IA-MH | D49: 46249 | E49: 46280 | F49: TRUE | G49: TRUE | H49: TRUE | I49: TRUE | J49: TRUE | K49: TRUE | L49: =IF(COUNTA(F49:K49)=0,"",1-M49) -> 0 | M49: =IF(COUNTA(F49:K49)=0,"",COUNTIF(F49:K49,TRUE)/COUNTA(F49:K49)) -> 1
A50: 42 | B50: ** Active/Inactive site filter tabs for large factory rollouts | C50: IA-MH | D50: 46249 | E50: 46280 | F50: TRUE | G50: TRUE | H50: TRUE | I50: TRUE | J50: TRUE | K50: TRUE | L50: =IF(COUNTA(F50:K50)=0,"",1-M50) -> 0 | M50: =IF(COUNTA(F50:K50)=0,"",COUNTIF(F50:K50,TRUE)/COUNTA(F50:K50)) -> 1
A51: 43 | B51: ** Bulk site import via JSON/CSV/plain text with duplicate validation | C51: IA-MH | D51: 46249 | E51: 46280 | F51: TRUE | G51: TRUE | H51: TRUE | I51: TRUE | J51: TRUE | K51: TRUE | L51: =IF(COUNTA(F51:K51)=0,"",1-M51) -> 0 | M51: =IF(COUNTA(F51:K51)=0,"",COUNTIF(F51:K51,TRUE)/COUNTA(F51:K51)) -> 1
A52: 44 | B52: ** Custom QR code generator & PNG downloader for each site, print-ready for dining halls | C52: IA-MH | D52: 46249 | E52: 46280 | F52: TRUE | G52: TRUE | H52: TRUE | I52: TRUE | J52: TRUE | K52: TRUE | L52: =IF(COUNTA(F52:K52)=0,"",1-M52) -> 0 | M52: =IF(COUNTA(F52:K52)=0,"",COUNTIF(F52:K52,TRUE)/COUNTA(F52:K52)) -> 1
A53: 45 | B53: ** Randomized encrypted survey links (UUID) per site with Rotate UUID button to prevent guessing | C53: IA-MH | D53: 46249 | E53: 46280 | F53: TRUE | G53: TRUE | H53: TRUE | I53: TRUE | J53: TRUE | K53: TRUE | L53: =IF(COUNTA(F53:K53)=0,"",1-M53) -> 0 | M53: =IF(COUNTA(F53:K53)=0,"",COUNTIF(F53:K53,TRUE)/COUNTA(F53:K53)) -> 1
B54: Reporting & Export | F54: TRUE | G54: TRUE | H54: TRUE | I54: TRUE | J54: TRUE | K54: TRUE
A55: 46 | B55: * Reporting & Export Engine | C55: IA-MH | D55: 46249 | E55: 46280 | F55: TRUE | G55: TRUE | H55: TRUE | I55: TRUE | J55: TRUE | K55: TRUE | L55: =IF(COUNTA(F55:K55)=0,"",1-M55) -> 0 | M55: =IF(COUNTA(F55:K55)=0,"",COUNTIF(F55:K55,TRUE)/COUNTA(F55:K55)) -> 1
A56: 47 | B56: ** Export formal Word reports (.docx) with org structure, AI summary and branch comparison table | C56: IA-MH | D56: 46249 | E56: 46280 | F56: TRUE | G56: TRUE | H56: TRUE | I56: TRUE | J56: TRUE | K56: TRUE | L56: =IF(COUNTA(F56:K56)=0,"",1-M56) -> 0 | M56: =IF(COUNTA(F56:K56)=0,"",COUNTIF(F56:K56,TRUE)/COUNTA(F56:K56)) -> 1
A57: 48 | B57: ** Export formatted print-ready PDF reports (.pdf) for management meetings | C57: IA-MH | D57: 46249 | E57: 46280 | F57: TRUE | G57: TRUE | H57: TRUE | I57: TRUE | J57: TRUE | K57: TRUE | L57: =IF(COUNTA(F57:K57)=0,"",1-M57) -> 0 | M57: =IF(COUNTA(F57:K57)=0,"",COUNTIF(F57:K57,TRUE)/COUNTA(F57:K57)) -> 1
A58: 49 | B58: ** Export raw survey data (.csv / Excel) for statistical analysis | C58: IA-MH | D58: 46249 | E58: 46280 | F58: TRUE | G58: TRUE | H58: TRUE | I58: TRUE | J58: TRUE | K58: TRUE | L58: =IF(COUNTA(F58:K58)=0,"",1-M58) -> 0 | M58: =IF(COUNTA(F58:K58)=0,"",COUNTIF(F58:K58,TRUE)/COUNTA(F58:K58)) -> 1
B59: Security & Production Hardening | F59: TRUE | G59: TRUE | H59: TRUE | I59: TRUE | J59: TRUE | K59: TRUE
A60: 50 | B60: * Security & Production Hardening | C60: IA-MH | D60: 46249 | E60: 46280 | F60: TRUE | G60: TRUE | H60: TRUE | I60: TRUE | J60: TRUE | K60: TRUE | L60: =IF(COUNTA(F60:K60)=0,"",1-M60) -> 0 | M60: =IF(COUNTA(F60:K60)=0,"",COUNTIF(F60:K60,TRUE)/COUNTA(F60:K60)) -> 1
A61: 51 | B61: ** Brute-force protection: auto-lock login for 30 seconds after 5 failed attempts | C61: IA-MH | D61: 46249 | E61: 46280 | F61: TRUE | G61: TRUE | H61: TRUE | I61: TRUE | J61: TRUE | K61: TRUE | L61: =IF(COUNTA(F61:K61)=0,"",1-M61) -> 0 | M61: =IF(COUNTA(F61:K61)=0,"",COUNTIF(F61:K61,TRUE)/COUNTA(F61:K61)) -> 1
A62: 52 | B62: ** Removed autofill/autosave of passwords and secured default admin account | C62: IA-MH | D62: 46249 | E62: 46280 | F62: TRUE | G62: TRUE | H62: TRUE | I62: TRUE | J62: TRUE | K62: TRUE | L62: =IF(COUNTA(F62:K62)=0,"",1-M62) -> 0 | M62: =IF(COUNTA(F62:K62)=0,"",COUNTIF(F62:K62,TRUE)/COUNTA(F62:K62)) -> 1
A63: 53 | B63: ** Input sanitization (XSS) for name and notes fields against malicious code/tags | C63: IA-MH | D63: 46249 | E63: 46280 | F63: TRUE | G63: TRUE | H63: TRUE | I63: TRUE | J63: TRUE | K63: TRUE | L63: =IF(COUNTA(F63:K63)=0,"",1-M63) -> 0 | M63: =IF(COUNTA(F63:K63)=0,"",COUNTIF(F63:K63,TRUE)/COUNTA(F63:K63)) -> 1
A64: 54 | B64: ** Honeypot bot trap field to block fake/automated survey submissions | C64: IA-MH | D64: 46249 | E64: 46280 | F64: TRUE | G64: TRUE | H64: TRUE | I64: TRUE | J64: TRUE | K64: TRUE | L64: =IF(COUNTA(F64:K64)=0,"",1-M64) -> 0 | M64: =IF(COUNTA(F64:K64)=0,"",COUNTIF(F64:K64,TRUE)/COUNTA(F64:K64)) -> 1
A65: 55 | B65: ** Offline & PWA support via Service Worker with local caching and Firebase Firestore sync | C65: IA-MH | D65: 46249 | E65: 46280 | F65: TRUE | G65: TRUE | H65: TRUE | I65: TRUE | J65: TRUE | K65: TRUE | L65: =IF(COUNTA(F65:K65)=0,"",1-M65) -> 0 | M65: =IF(COUNTA(F65:K65)=0,"",COUNTIF(F65:K65,TRUE)/COUNTA(F65:K65)) -> 1
A66: 56 | B66: ** Multi-layer logo fallback system (transparent image, embedded encoding, pure SVG) for all production environments | C66: IA-MH | D66: 46249 | E66: 46280 | F66: TRUE | G66: TRUE | H66: TRUE | I66: TRUE | J66: TRUE | K66: TRUE | L66: =IF(COUNTA(F66:K66)=0,"",1-M66) -> 0 | M66: =IF(COUNTA(F66:K66)=0,"",COUNTIF(F66:K66,TRUE)/COUNTA(F66:K66)) -> 1
A67: 57 | B67: ** Comprehensive project documentation (README.md) covering setup, build and deployment | C67: IA-MH | D67: 46249 | E67: 46280 | F67: TRUE | G67: TRUE | H67: TRUE | I67: TRUE | J67: TRUE | K67: TRUE | L67: =IF(COUNTA(F67:K67)=0,"",1-M67) -> 0 | M67: =IF(COUNTA(F67:K67)=0,"",COUNTIF(F67:K67,TRUE)/COUNTA(F67:K67)) -> 1
B68: Future Roadmap | F68: FALSE | L68: =IF(COUNTA(F68:K68)=0,"",1-M68) -> 1 | M68: =IF(COUNTA(F68:K68)=0,"",COUNTIF(F68:K68,TRUE)/COUNTA(F68:K68)) -> 0
A69: 58 | B69: * Next Phase / Future Roadmap | D69: 46260 | E69: 46275 | F69: FALSE | L69: =IF(COUNTA(F69:K69)=0,"",1-M69) -> 1 | M69: =IF(COUNTA(F69:K69)=0,"",COUNTIF(F69:K69,TRUE)/COUNTA(F69:K69)) -> 0
A70: 59 | B70: ** [High Priority] Automated notifications (Email/WhatsApp) to site manager & quality supervisor on critical rating below 4/10 for immediate action during meal service | C70: IA-MH | D70: 46260 | E70: 46275 | F70: FALSE | L70: =IF(COUNTA(F70:K70)=0,"",1-M70) -> 1 | M70: =IF(COUNTA(F70:K70)=0,"",COUNTIF(F70:K70,TRUE)/COUNTA(F70:K70)) -> 0
A71: 60 | B71: ** [High Priority] Multi-role user permissions (RBAC): Super Admin (all branches), Site Manager (own branch only), Quality Auditor (reports only) | C71: IA-MH | D71: 46260 | E71: 46275 | F71: FALSE | L71: =IF(COUNTA(F71:K71)=0,"",1-M71) -> 1 | M71: =IF(COUNTA(F71:K71)=0,"",COUNTIF(F71:K71,TRUE)/COUNTA(F71:K71)) -> 0
A72: 61 | B72: ** [Medium Priority] Meal shift classification filter (breakfast/lunch/dinner/suhoor/dry ration) to analyze quality per work shift | C72: IA-MH | D72: 46260 | E72: 46275 | F72: FALSE | L72: =IF(COUNTA(F72:K72)=0,"",1-M72) -> 1 | M72: =IF(COUNTA(F72:K72)=0,"",COUNTIF(F72:K72,TRUE)/COUNTA(F72:K72)) -> 0
A73: 62 | B73: ** [Medium Priority] Photo upload with survey complaints so workers can attach a picture of the meal/dish to document issues for central kitchen teams | C73: IA-MH | D73: 46260 | E73: 46275 | F73: FALSE | L73: =IF(COUNTA(F73:K73)=0,"",1-M73) -> 1 | M73: =IF(COUNTA(F73:K73)=0,"",COUNTIF(F73:K73,TRUE)/COUNTA(F73:K73)) -> 0
A74: 63 | B74: ** [Enhancement] Scheduled executive digest: automated weekly/monthly PDF summary report emailed to Trio Catering senior management | C74: IA-MH | D74: 46260 | E74: 46275 | F74: FALSE | L74: =IF(COUNTA(F74:K74)=0,"",1-M74) -> 1 | M74: =IF(COUNTA(F74:K74)=0,"",COUNTIF(F74:K74,TRUE)/COUNTA(F74:K74)) -> 0
A75: 64 | B75: ** [Enhancement] Additional language support (Arabic / English / Urdu / Hindi) in survey interface to cover expatriate workforce at factories and sites | C75: IA-MH | D75: 46260 | E75: 46275 | F75: FALSE | L75: =IF(COUNTA(F75:K75)=0,"",1-M75) -> 1 | M75: =IF(COUNTA(F75:K75)=0,"",COUNTIF(F75:K75,TRUE)/COUNTA(F75:K75)) -> 0

Sheet GPM&I
B1: GPM&I Project Plan 07/09/2026 | G1: Progress | O1: STATUS SUMMARY
B2: S | C2: GPM&I | D2: Resp | E2: Start Date | F2: End Date | G2: Project concept approval | H2: Project paln & approval | I2: Implementaion | O2: Done | P2: =COUNTIFS($M$4:$M$122,1) -> 0 | Q2: =IFERROR(P2/P$6,0) -> 0
A3: M / Hrs. | I3: CEO | J3: AI | K3: FUP | L3: Missing | M3: Done | O3: In progress / Pending | P3: =COUNTIFS($M$4:$M$122,">0",$M$4:$M$122,"<1") -> 77 | Q3: =IFERROR(P3/P$6,0) -> 0.64705882
A4: =SUM(A5:A10) -> 8 | B4: 1 | C4: مقدمة واستراتيجية الشركة (سلايد 1–8) | D4: MAS & MM & IA | E4: 46272 | F4: 46274 | G4: TRUE | H4: TRUE | I4: FALSE | J4: FALSE | K4: FALSE | L4: =IF($C4="","",IF(M4="","",1-M4)) -> 1 | M4: =IF($C4="","",IF(COUNTA(I4:K4)=0,"",COUNTIF(I4:K4,TRUE)/COUNTA(I4:K4))) -> 0 | O4: Backlog / Not started | P4: =COUNTIFS($M$4:$M$122,0) -> 42 | Q4: =IFERROR(P4/P$6,0) -> 0.35294118
A5: 0.5 | C5: إعداد البرومبت (Prepare Prompt) | D5: IA & MM | E5: 46272 | F5: 46272 | G5: TRUE | H5: TRUE | I5: FALSE | J5: FALSE | K5: FALSE | L5: =IF($C5="","",IF(M5="","",1-M5)) -> 1 | M5: =IF($C5="","",IF(COUNTA(I5:K5)=0,"",COUNTIF(I5:K5,TRUE)/COUNTA(I5:K5))) -> 0 | O5: Overall completion | P5: =IFERROR(AVERAGE($M$4:$M$122),0) -> 0.43137255
A6: 1 | C6: توليد الفيديو (Generate Video) | D6: IA | E6: 46272 | F6: 46272 | G6: TRUE | H6: TRUE | I6: FALSE | J6: FALSE | K6: FALSE | L6: =IF($C6="","",IF(M6="","",1-M6)) -> 1 | M6: =IF($C6="","",IF(COUNTA(I6:K6)=0,"",COUNTIF(I6:K6,TRUE)/COUNTA(I6:K6))) -> 0 | O6: Total tasks | P6: =COUNT($M$4:$M$122) -> 119
A7: 3 | C7: مونتاج الفيديو (Edit Video) | D7: IA | E7: 46273 | F7: 46273 | G7: TRUE | H7: TRUE | I7: TRUE | J7: FALSE | K7: TRUE | L7: =IF($C7="","",IF(M7="","",1-M7)) -> 0.33333333 | M7: =IF($C7="","",IF(COUNTA(I7:K7)=0,"",COUNTIF(I7:K7,TRUE)/COUNTA(I7:K7))) -> 0.66666667 | O7: Overall completion | P7: =IFERROR(AVERAGE($M$4:$M$122),0) -> 0.43137255
A8: 2 | C8: مراجعة الفيديو (Review Video) | D8: MAS & MM | E8: 46273 | F8: 46273 | G8: TRUE | H8: TRUE | I8: FALSE | J8: FALSE | K8: FALSE | L8: =IF($C8="","",IF(M8="","",1-M8)) -> 1 | M8: =IF($C8="","",IF(COUNTA(I8:K8)=0,"",COUNTIF(I8:K8,TRUE)/COUNTA(I8:K8))) -> 0 | O8: Total tasks | P8: =COUNT($M$4:$M$122) -> 119
A9: 0.5 | C9: الرفع على Bunny (Upload to Bunny) | D9: IA | E9: 46274 | F9: 46274 | G9: TRUE | H9: TRUE | I9: TRUE | J9: FALSE | K9: TRUE | L9: =IF($C9="","",IF(M9="","",1-M9)) -> 0.33333333 | M9: =IF($C9="","",IF(COUNTA(I9:K9)=0,"",COUNTIF(I9:K9,TRUE)/COUNTA(I9:K9))) -> 0.66666667
A10: 1 | C10: المزامنة مع Trio Academy (Sync with Trio Academy) | D10: IA | E10: 46274 | F10: 46274 | G10: TRUE | H10: TRUE | I10: TRUE | J10: FALSE | K10: TRUE | L10: =IF($C10="","",IF(M10="","",1-M10)) -> 0.33333333 | M10: =IF($C10="","",IF(COUNTA(I10:K10)=0,"",COUNTIF(I10:K10,TRUE)/COUNTA(I10:K10))) -> 0.66666667
A11: =SUM(A12:A17) -> 8 | B11: 2 | C11: مقدمة عن GPM&I ودورة الأداء (سلايد 9–13) | D11: MAS & MM & IA | E11: 46275 | F11: 46277 | G11: TRUE | H11: TRUE | I11: FALSE | J11: FALSE | K11: FALSE | L11: =IF($C11="","",IF(M11="","",1-M11)) -> 1 | M11: =IF($C11="","",IF(COUNTA(I11:K11)=0,"",COUNTIF(I11:K11,TRUE)/COUNTA(I11:K11))) -> 0
A12: 0.5 | C12: إعداد البرومبت (Prepare Prompt) | D12: IA & MM | E12: 46275 | F12: 46275 | G12: TRUE | H12: TRUE | I12: FALSE | J12: FALSE | K12: FALSE | L12: =IF($C12="","",IF(M12="","",1-M12)) -> 1 | M12: =IF($C12="","",IF(COUNTA(I12:K12)=0,"",COUNTIF(I12:K12,TRUE)/COUNTA(I12:K12))) -> 0
A13: 1 | C13: توليد الفيديو (Generate Video) | D13: IA | E13: 46275 | F13: 46275 | G13: TRUE | H13: TRUE | I13: TRUE | J13: FALSE | K13: TRUE | L13: =IF($C13="","",IF(M13="","",1-M13)) -> 0.33333333 | M13: =IF($C13="","",IF(COUNTA(I13:K13)=0,"",COUNTIF(I13:K13,TRUE)/COUNTA(I13:K13))) -> 0.66666667
A14: 3 | C14: مونتاج الفيديو (Edit Video) | D14: IA | E14: 46276 | F14: 46276 | G14: TRUE | H14: TRUE | I14: TRUE | J14: FALSE | K14: TRUE | L14: =IF($C14="","",IF(M14="","",1-M14)) -> 0.33333333 | M14: =IF($C14="","",IF(COUNTA(I14:K14)=0,"",COUNTIF(I14:K14,TRUE)/COUNTA(I14:K14))) -> 0.66666667
A15: 2 | C15: مراجعة الفيديو (Review Video) | D15: MAS & MM | E15: 46276 | F15: 46276 | G15: TRUE | H15: TRUE | I15: FALSE | J15: FALSE | K15: FALSE | L15: =IF($C15="","",IF(M15="","",1-M15)) -> 1 | M15: =IF($C15="","",IF(COUNTA(I15:K15)=0,"",COUNTIF(I15:K15,TRUE)/COUNTA(I15:K15))) -> 0
A16: 0.5 | C16: الرفع على Bunny (Upload to Bunny) | D16: IA | E16: 46277 | F16: 46277 | G16: TRUE | H16: TRUE | I16: TRUE | J16: FALSE | K16: TRUE | L16: =IF($C16="","",IF(M16="","",1-M16)) -> 0.33333333 | M16: =IF($C16="","",IF(COUNTA(I16:K16)=0,"",COUNTIF(I16:K16,TRUE)/COUNTA(I16:K16))) -> 0.66666667
A17: 1 | C17: المزامنة مع Trio Academy (Sync with Trio Academy) | D17: IA | E17: 46277 | F17: 46277 | G17: TRUE | H17: TRUE | I17: TRUE | J17: FALSE | K17: TRUE | L17: =IF($C17="","",IF(M17="","",1-M17)) -> 0.33333333 | M17: =IF($C17="","",IF(COUNTA(I17:K17)=0,"",COUNTIF(I17:K17,TRUE)/COUNTA(I17:K17))) -> 0.66666667
A18: =SUM(A19:A24) -> 8 | B18: 3 | C18: مرحلة التخطيط للأداء (سلايد 14–17) | D18: MAS & MM & IA | E18: 46278 | F18: 46280 | G18: TRUE | H18: TRUE | I18: FALSE | J18: FALSE | K18: FALSE | L18: =IF($C18="","",IF(M18="","",1-M18)) -> 1 | M18: =IF($C18="","",IF(COUNTA(I18:K18)=0,"",COUNTIF(I18:K18,TRUE)/COUNTA(I18:K18))) -> 0
A19: 0.5 | C19: إعداد البرومبت (Prepare Prompt) | D19: IA & MM | E19: 46278 | F19: 46278 | G19: TRUE | H19: TRUE | I19: TRUE | J19: FALSE | K19: TRUE | L19: =IF($C19="","",IF(M19="","",1-M19)) -> 0.33333333 | M19: =IF($C19="","",IF(COUNTA(I19:K19)=0,"",COUNTIF(I19:K19,TRUE)/COUNTA(I19:K19))) -> 0.66666667
A20: 1 | C20: توليد الفيديو (Generate Video) | D20: IA | E20: 46278 | F20: 46278 | G20: TRUE | H20: TRUE | I20: TRUE | J20: FALSE | K20: TRUE | L20: =IF($C20="","",IF(M20="","",1-M20)) -> 0.33333333 | M20: =IF($C20="","",IF(COUNTA(I20:K20)=0,"",COUNTIF(I20:K20,TRUE)/COUNTA(I20:K20))) -> 0.66666667
A21: 3 | C21: مونتاج الفيديو (Edit Video) | D21: IA | E21: 46279 | F21: 46279 | G21: TRUE | H21: TRUE | I21: FALSE | J21: FALSE | K21: FALSE | L21: =IF($C21="","",IF(M21="","",1-M21)) -> 1 | M21: =IF($C21="","",IF(COUNTA(I21:K21)=0,"",COUNTIF(I21:K21,TRUE)/COUNTA(I21:K21))) -> 0
A22: 2 | C22: مراجعة الفيديو (Review Video) | D22: MAS & MM | E22: 46279 | F22: 46279 | G22: TRUE | H22: TRUE | I22: TRUE | J22: FALSE | K22: TRUE | L22: =IF($C22="","",IF(M22="","",1-M22)) -> 0.33333333 | M22: =IF($C22="","",IF(COUNTA(I22:K22)=0,"",COUNTIF(I22:K22,TRUE)/COUNTA(I22:K22))) -> 0.66666667
A23: 0.5 | C23: الرفع على Bunny (Upload to Bunny) | D23: IA | E23: 46280 | F23: 46280 | G23: TRUE | H23: TRUE | I23: TRUE | J23: FALSE | K23: TRUE | L23: =IF($C23="","",IF(M23="","",1-M23)) -> 0.33333333 | M23: =IF($C23="","",IF(COUNTA(I23:K23)=0,"",COUNTIF(I23:K23,TRUE)/COUNTA(I23:K23))) -> 0.66666667
A24: 1 | C24: المزامنة مع Trio Academy (Sync with Trio Academy) | D24: IA | E24: 46280 | F24: 46280 | G24: TRUE | H24: TRUE | I24: FALSE | J24: FALSE | K24: FALSE | L24: =IF($C24="","",IF(M24="","",1-M24)) -> 1 | M24: =IF($C24="","",IF(COUNTA(I24:K24)=0,"",COUNTIF(I24:K24,TRUE)/COUNTA(I24:K24))) -> 0
A25: =SUM(A26:A31) -> 8 | B25: 4 | C25: تمرين SMARTER + BSC/KPIs (سلايد 18–21) | D25: MAS & MM & IA | E25: 46281 | F25: 46283 | G25: TRUE | H25: TRUE | I25: TRUE | J25: FALSE | K25: TRUE | L25: =IF($C25="","",IF(M25="","",1-M25)) -> 0.33333333 | M25: =IF($C25="","",IF(COUNTA(I25:K25)=0,"",COUNTIF(I25:K25,TRUE)/COUNTA(I25:K25))) -> 0.66666667
A26: 0.5 | C26: إعداد البرومبت (Prepare Prompt) | D26: IA & MM | E26: 46281 | F26: 46281 | G26: TRUE | H26: TRUE | I26: TRUE | J26: FALSE | K26: TRUE | L26: =IF($C26="","",IF(M26="","",1-M26)) -> 0.33333333 | M26: =IF($C26="","",IF(COUNTA(I26:K26)=0,"",COUNTIF(I26:K26,TRUE)/COUNTA(I26:K26))) -> 0.66666667
A27: 1 | C27: توليد الفيديو (Generate Video) | D27: IA | E27: 46281 | F27: 46281 | G27: TRUE | H27: TRUE | I27: FALSE | J27: FALSE | K27: FALSE | L27: =IF($C27="","",IF(M27="","",1-M27)) -> 1 | M27: =IF($C27="","",IF(COUNTA(I27:K27)=0,"",COUNTIF(I27:K27,TRUE)/COUNTA(I27:K27))) -> 0
A28: 3 | C28: مونتاج الفيديو (Edit Video) | D28: IA | E28: 46282 | F28: 46282 | G28: TRUE | H28: TRUE | I28: TRUE | J28: FALSE | K28: TRUE | L28: =IF($C28="","",IF(M28="","",1-M28)) -> 0.33333333 | M28: =IF($C28="","",IF(COUNTA(I28:K28)=0,"",COUNTIF(I28:K28,TRUE)/COUNTA(I28:K28))) -> 0.66666667
A29: 2 | C29: مراجعة الفيديو (Review Video) | D29: MAS & MM | E29: 46282 | F29: 46282 | G29: TRUE | H29: TRUE | I29: TRUE | J29: FALSE | K29: TRUE | L29: =IF($C29="","",IF(M29="","",1-M29)) -> 0.33333333 | M29: =IF($C29="","",IF(COUNTA(I29:K29)=0,"",COUNTIF(I29:K29,TRUE)/COUNTA(I29:K29))) -> 0.66666667
A30: 0.5 | C30: الرفع على Bunny (Upload to Bunny) | D30: IA | E30: 46283 | F30: 46283 | G30: TRUE | H30: TRUE | I30: FALSE | J30: FALSE | K30: FALSE | L30: =IF($C30="","",IF(M30="","",1-M30)) -> 1 | M30: =IF($C30="","",IF(COUNTA(I30:K30)=0,"",COUNTIF(I30:K30,TRUE)/COUNTA(I30:K30))) -> 0
A31: 1 | C31: المزامنة مع Trio Academy (Sync with Trio Academy) | D31: IA | E31: 46283 | F31: 46283 | G31: TRUE | H31: TRUE | I31: TRUE | J31: FALSE | K31: TRUE | L31: =IF($C31="","",IF(M31="","",1-M31)) -> 0.33333333 | M31: =IF($C31="","",IF(COUNTA(I31:K31)=0,"",COUNTIF(I31:K31,TRUE)/COUNTA(I31:K31))) -> 0.66666667
A32: =SUM(A33:A38) -> 8 | B32: 5 | C32: أمثلة KPIs ووصف وظيفي - مدير سلامة الغذاء (سلايد 22–26) | D32: MAS & MM & IA | E32: 46284 | F32: 46286 | G32: TRUE | H32: TRUE | I32: TRUE | J32: FALSE | K32: TRUE | L32: =IF($C32="","",IF(M32="","",1-M32)) -> 0.33333333 | M32: =IF($C32="","",IF(COUNTA(I32:K32)=0,"",COUNTIF(I32:K32,TRUE)/COUNTA(I32:K32))) -> 0.66666667
A33: 0.5 | C33: إعداد البرومبت (Prepare Prompt) | D33: IA & MM | E33: 46284 | F33: 46284 | G33: TRUE | H33: TRUE | I33: FALSE | J33: FALSE | K33: FALSE | L33: =IF($C33="","",IF(M33="","",1-M33)) -> 1 | M33: =IF($C33="","",IF(COUNTA(I33:K33)=0,"",COUNTIF(I33:K33,TRUE)/COUNTA(I33:K33))) -> 0
A34: 1 | C34: توليد الفيديو (Generate Video) | D34: IA | E34: 46284 | F34: 46284 | G34: TRUE | H34: TRUE | I34: TRUE | J34: FALSE | K34: TRUE | L34: =IF($C34="","",IF(M34="","",1-M34)) -> 0.33333333 | M34: =IF($C34="","",IF(COUNTA(I34:K34)=0,"",COUNTIF(I34:K34,TRUE)/COUNTA(I34:K34))) -> 0.66666667
A35: 3 | C35: مونتاج الفيديو (Edit Video) | D35: IA | E35: 46285 | F35: 46285 | G35: TRUE | H35: TRUE | I35: TRUE | J35: FALSE | K35: TRUE | L35: =IF($C35="","",IF(M35="","",1-M35)) -> 0.33333333 | M35: =IF($C35="","",IF(COUNTA(I35:K35)=0,"",COUNTIF(I35:K35,TRUE)/COUNTA(I35:K35))) -> 0.66666667
A36: 2 | C36: مراجعة الفيديو (Review Video) | D36: MAS & MM | E36: 46285 | F36: 46285 | G36: TRUE | H36: TRUE | I36: FALSE | J36: FALSE | K36: FALSE | L36: =IF($C36="","",IF(M36="","",1-M36)) -> 1 | M36: =IF($C36="","",IF(COUNTA(I36:K36)=0,"",COUNTIF(I36:K36,TRUE)/COUNTA(I36:K36))) -> 0
A37: 0.5 | C37: الرفع على Bunny (Upload to Bunny) | D37: IA | E37: 46286 | F37: 46286 | G37: TRUE | H37: TRUE | I37: TRUE | J37: FALSE | K37: TRUE | L37: =IF($C37="","",IF(M37="","",1-M37)) -> 0.33333333 | M37: =IF($C37="","",IF(COUNTA(I37:K37)=0,"",COUNTIF(I37:K37,TRUE)/COUNTA(I37:K37))) -> 0.66666667
A38: 1 | C38: المزامنة مع Trio Academy (Sync with Trio Academy) | D38: IA | E38: 46286 | F38: 46286 | G38: TRUE | H38: TRUE | I38: TRUE | J38: FALSE | K38: TRUE | L38: =IF($C38="","",IF(M38="","",1-M38)) -> 0.33333333 | M38: =IF($C38="","",IF(COUNTA(I38:K38)=0,"",COUNTIF(I38:K38,TRUE)/COUNTA(I38:K38))) -> 0.66666667
A39: =SUM(A40:A45) -> 8 | B39: 6 | C39: أمثلة مستويات أداء قياسية (سلايد 27–28) | D39: MAS & MM & IA | E39: 46287 | F39: 46289 | G39: TRUE | H39: TRUE | I39: FALSE | J39: FALSE | K39: FALSE | L39: =IF($C39="","",IF(M39="","",1-M39)) -> 1 | M39: =IF($C39="","",IF(COUNTA(I39:K39)=0,"",COUNTIF(I39:K39,TRUE)/COUNTA(I39:K39))) -> 0
A40: 0.5 | C40: إعداد البرومبت (Prepare Prompt) | D40: IA & MM | E40: 46287 | F40: 46287 | G40: TRUE | H40: TRUE | I40: TRUE | J40: FALSE | K40: TRUE | L40: =IF($C40="","",IF(M40="","",1-M40)) -> 0.33333333 | M40: =IF($C40="","",IF(COUNTA(I40:K40)=0,"",COUNTIF(I40:K40,TRUE)/COUNTA(I40:K40))) -> 0.66666667
A41: 1 | C41: توليد الفيديو (Generate Video) | D41: IA | E41: 46287 | F41: 46287 | G41: TRUE | H41: TRUE | I41: TRUE | J41: FALSE | K41: TRUE | L41: =IF($C41="","",IF(M41="","",1-M41)) -> 0.33333333 | M41: =IF($C41="","",IF(COUNTA(I41:K41)=0,"",COUNTIF(I41:K41,TRUE)/COUNTA(I41:K41))) -> 0.66666667
A42: 3 | C42: مونتاج الفيديو (Edit Video) | D42: IA | E42: 46288 | F42: 46288 | G42: TRUE | H42: TRUE | I42: FALSE | J42: FALSE | K42: FALSE | L42: =IF($C42="","",IF(M42="","",1-M42)) -> 1 | M42: =IF($C42="","",IF(COUNTA(I42:K42)=0,"",COUNTIF(I42:K42,TRUE)/COUNTA(I42:K42))) -> 0
A43: 2 | C43: مراجعة الفيديو (Review Video) | D43: MAS & MM | E43: 46288 | F43: 46288 | G43: TRUE | H43: TRUE | I43: TRUE | J43: FALSE | K43: TRUE | L43: =IF($C43="","",IF(M43="","",1-M43)) -> 0.33333333 | M43: =IF($C43="","",IF(COUNTA(I43:K43)=0,"",COUNTIF(I43:K43,TRUE)/COUNTA(I43:K43))) -> 0.66666667
A44: 0.5 | C44: الرفع على Bunny (Upload to Bunny) | D44: IA | E44: 46289 | F44: 46289 | G44: TRUE | H44: TRUE | I44: TRUE | J44: FALSE | K44: TRUE | L44: =IF($C44="","",IF(M44="","",1-M44)) -> 0.33333333 | M44: =IF($C44="","",IF(COUNTA(I44:K44)=0,"",COUNTIF(I44:K44,TRUE)/COUNTA(I44:K44))) -> 0.66666667
A45: 1 | C45: المزامنة مع Trio Academy (Sync with Trio Academy) | D45: IA | E45: 46289 | F45: 46289 | G45: TRUE | H45: TRUE | I45: FALSE | J45: FALSE | K45: FALSE | L45: =IF($C45="","",IF(M45="","",1-M45)) -> 1 | M45: =IF($C45="","",IF(COUNTA(I45:K45)=0,"",COUNTIF(I45:K45,TRUE)/COUNTA(I45:K45))) -> 0
A46: =SUM(A47:A52) -> 8 | B46: 7 | C46: مرحلة التنفيذ: سجل الأحداث واجتماعات المراجعة (سلايد 29–33) | D46: MAS & MM & IA | E46: 46290 | F46: 46292 | G46: TRUE | H46: TRUE | I46: TRUE | J46: FALSE | K46: TRUE | L46: =IF($C46="","",IF(M46="","",1-M46)) -> 0.33333333 | M46: =IF($C46="","",IF(COUNTA(I46:K46)=0,"",COUNTIF(I46:K46,TRUE)/COUNTA(I46:K46))) -> 0.66666667
A47: 0.5 | C47: إعداد البرومبت (Prepare Prompt) | D47: IA & MM | E47: 46290 | F47: 46290 | G47: TRUE | H47: TRUE | I47: TRUE | J47: FALSE | K47: TRUE | L47: =IF($C47="","",IF(M47="","",1-M47)) -> 0.33333333 | M47: =IF($C47="","",IF(COUNTA(I47:K47)=0,"",COUNTIF(I47:K47,TRUE)/COUNTA(I47:K47))) -> 0.66666667
A48: 1 | C48: توليد الفيديو (Generate Video) | D48: IA | E48: 46290 | F48: 46290 | G48: TRUE | H48: TRUE | I48: FALSE | J48: FALSE | K48: FALSE | L48: =IF($C48="","",IF(M48="","",1-M48)) -> 1 | M48: =IF($C48="","",IF(COUNTA(I48:K48)=0,"",COUNTIF(I48:K48,TRUE)/COUNTA(I48:K48))) -> 0
A49: 3 | C49: مونتاج الفيديو (Edit Video) | D49: IA | E49: 46291 | F49: 46291 | G49: TRUE | H49: TRUE | I49: TRUE | J49: FALSE | K49: TRUE | L49: =IF($C49="","",IF(M49="","",1-M49)) -> 0.33333333 | M49: =IF($C49="","",IF(COUNTA(I49:K49)=0,"",COUNTIF(I49:K49,TRUE)/COUNTA(I49:K49))) -> 0.66666667
A50: 2 | C50: مراجعة الفيديو (Review Video) | D50: MAS & MM | E50: 46291 | F50: 46291 | G50: TRUE | H50: TRUE | I50: TRUE | J50: FALSE | K50: TRUE | L50: =IF($C50="","",IF(M50="","",1-M50)) -> 0.33333333 | M50: =IF($C50="","",IF(COUNTA(I50:K50)=0,"",COUNTIF(I50:K50,TRUE)/COUNTA(I50:K50))) -> 0.66666667
A51: 0.5 | C51: الرفع على Bunny (Upload to Bunny) | D51: IA | E51: 46292 | F51: 46292 | G51: TRUE | H51: TRUE | I51: FALSE | J51: FALSE | K51: FALSE | L51: =IF($C51="","",IF(M51="","",1-M51)) -> 1 | M51: =IF($C51="","",IF(COUNTA(I51:K51)=0,"",COUNTIF(I51:K51,TRUE)/COUNTA(I51:K51))) -> 0
A52: 1 | C52: المزامنة مع Trio Academy (Sync with Trio Academy) | D52: IA | E52: 46292 | F52: 46292 | G52: TRUE | H52: TRUE | I52: TRUE | J52: FALSE | K52: TRUE | L52: =IF($C52="","",IF(M52="","",1-M52)) -> 0.33333333 | M52: =IF($C52="","",IF(COUNTA(I52:K52)=0,"",COUNTIF(I52:K52,TRUE)/COUNTA(I52:K52))) -> 0.66666667
A53: =SUM(A54:A59) -> 8 | B53: 8 | C53: التوجيه الفعال ODSEAF + تمارين Role Play (سلايد 34–37) | D53: MAS & MM & IA | E53: 46293 | F53: 46295 | G53: TRUE | H53: TRUE | I53: TRUE | J53: FALSE | K53: TRUE | L53: =IF($C53="","",IF(M53="","",1-M53)) -> 0.33333333 | M53: =IF($C53="","",IF(COUNTA(I53:K53)=0,"",COUNTIF(I53:K53,TRUE)/COUNTA(I53:K53))) -> 0.66666667
A54: 0.5 | C54: إعداد البرومبت (Prepare Prompt) | D54: IA & MM | E54: 46293 | F54: 46293 | G54: TRUE | H54: TRUE | I54: FALSE | J54: FALSE | K54: FALSE | L54: =IF($C54="","",IF(M54="","",1-M54)) -> 1 | M54: =IF($C54="","",IF(COUNTA(I54:K54)=0,"",COUNTIF(I54:K54,TRUE)/COUNTA(I54:K54))) -> 0
A55: 1 | C55: توليد الفيديو (Generate Video) | D55: IA | E55: 46293 | F55: 46293 | G55: TRUE | H55: TRUE | I55: TRUE | J55: FALSE | K55: TRUE | L55: =IF($C55="","",IF(M55="","",1-M55)) -> 0.33333333 | M55: =IF($C55="","",IF(COUNTA(I55:K55)=0,"",COUNTIF(I55:K55,TRUE)/COUNTA(I55:K55))) -> 0.66666667
A56: 3 | C56: مونتاج الفيديو (Edit Video) | D56: IA | E56: 46294 | F56: 46294 | G56: TRUE | H56: TRUE | I56: TRUE | J56: FALSE | K56: TRUE | L56: =IF($C56="","",IF(M56="","",1-M56)) -> 0.33333333 | M56: =IF($C56="","",IF(COUNTA(I56:K56)=0,"",COUNTIF(I56:K56,TRUE)/COUNTA(I56:K56))) -> 0.66666667
A57: 2 | C57: مراجعة الفيديو (Review Video) | D57: MAS & MM | E57: 46294 | F57: 46294 | G57: TRUE | H57: TRUE | I57: FALSE | J57: FALSE | K57: FALSE | L57: =IF($C57="","",IF(M57="","",1-M57)) -> 1 | M57: =IF($C57="","",IF(COUNTA(I57:K57)=0,"",COUNTIF(I57:K57,TRUE)/COUNTA(I57:K57))) -> 0
A58: 0.5 | C58: الرفع على Bunny (Upload to Bunny) | D58: IA | E58: 46295 | F58: 46295 | G58: TRUE | H58: TRUE | I58: TRUE | J58: FALSE | K58: TRUE | L58: =IF($C58="","",IF(M58="","",1-M58)) -> 0.33333333 | M58: =IF($C58="","",IF(COUNTA(I58:K58)=0,"",COUNTIF(I58:K58,TRUE)/COUNTA(I58:K58))) -> 0.66666667
A59: 1 | C59: المزامنة مع Trio Academy (Sync with Trio Academy) | D59: IA | E59: 46295 | F59: 46295 | G59: TRUE | H59: TRUE | I59: TRUE | J59: FALSE | K59: TRUE | L59: =IF($C59="","",IF(M59="","",1-M59)) -> 0.33333333 | M59: =IF($C59="","",IF(COUNTA(I59:K59)=0,"",COUNTIF(I59:K59,TRUE)/COUNTA(I59:K59))) -> 0.66666667
A60: =SUM(A61:A66) -> 8 | B60: 9 | C60: الإعداد لعملية التقييم النهائي (سلايد 38–42) | D60: MAS & MM & IA | E60: 46296 | F60: 46298 | G60: TRUE | H60: TRUE | I60: FALSE | J60: FALSE | K60: FALSE | L60: =IF($C60="","",IF(M60="","",1-M60)) -> 1 | M60: =IF($C60="","",IF(COUNTA(I60:K60)=0,"",COUNTIF(I60:K60,TRUE)/COUNTA(I60:K60))) -> 0
A61: 0.5 | C61: إعداد البرومبت (Prepare Prompt) | D61: IA & MM | E61: 46296 | F61: 46296 | G61: TRUE | H61: TRUE | I61: TRUE | J61: FALSE | K61: TRUE | L61: =IF($C61="","",IF(M61="","",1-M61)) -> 0.33333333 | M61: =IF($C61="","",IF(COUNTA(I61:K61)=0,"",COUNTIF(I61:K61,TRUE)/COUNTA(I61:K61))) -> 0.66666667
A62: 1 | C62: توليد الفيديو (Generate Video) | D62: IA | E62: 46296 | F62: 46296 | G62: TRUE | H62: TRUE | I62: TRUE | J62: FALSE | K62: TRUE | L62: =IF($C62="","",IF(M62="","",1-M62)) -> 0.33333333 | M62: =IF($C62="","",IF(COUNTA(I62:K62)=0,"",COUNTIF(I62:K62,TRUE)/COUNTA(I62:K62))) -> 0.66666667
A63: 3 | C63: مونتاج الفيديو (Edit Video) | D63: IA | E63: 46297 | F63: 46297 | G63: TRUE | H63: TRUE | I63: FALSE | J63: FALSE | K63: FALSE | L63: =IF($C63="","",IF(M63="","",1-M63)) -> 1 | M63: =IF($C63="","",IF(COUNTA(I63:K63)=0,"",COUNTIF(I63:K63,TRUE)/COUNTA(I63:K63))) -> 0
A64: 2 | C64: مراجعة الفيديو (Review Video) | D64: MAS & MM | E64: 46297 | F64: 46297 | G64: TRUE | H64: TRUE | I64: TRUE | J64: FALSE | K64: TRUE | L64: =IF($C64="","",IF(M64="","",1-M64)) -> 0.33333333 | M64: =IF($C64="","",IF(COUNTA(I64:K64)=0,"",COUNTIF(I64:K64,TRUE)/COUNTA(I64:K64))) -> 0.66666667
A65: 0.5 | C65: الرفع على Bunny (Upload to Bunny) | D65: IA | E65: 46298 | F65: 46298 | G65: TRUE | H65: TRUE | I65: TRUE | J65: FALSE | K65: TRUE | L65: =IF($C65="","",IF(M65="","",1-M65)) -> 0.33333333 | M65: =IF($C65="","",IF(COUNTA(I65:K65)=0,"",COUNTIF(I65:K65,TRUE)/COUNTA(I65:K65))) -> 0.66666667
A66: 1 | C66: المزامنة مع Trio Academy (Sync with Trio Academy) | D66: IA | E66: 46298 | F66: 46298 | G66: TRUE | H66: TRUE | I66: FALSE | J66: FALSE | K66: FALSE | L66: =IF($C66="","",IF(M66="","",1-M66)) -> 1 | M66: =IF($C66="","",IF(COUNTA(I66:K66)=0,"",COUNTIF(I66:K66,TRUE)/COUNTA(I66:K66))) -> 0
A67: =SUM(A68:A73) -> 8 | B67: 10 | C67: تقييم الأداء وأخطاؤه الشائعة (سلايد 43–47) | D67: MAS & MM & IA | E67: 46299 | F67: 46301 | G67: TRUE | H67: TRUE | I67: TRUE | J67: FALSE | K67: TRUE | L67: =IF($C67="","",IF(M67="","",1-M67)) -> 0.33333333 | M67: =IF($C67="","",IF(COUNTA(I67:K67)=0,"",COUNTIF(I67:K67,TRUE)/COUNTA(I67:K67))) -> 0.66666667
A68: 0.5 | C68: إعداد البرومبت (Prepare Prompt) | D68: IA & MM | E68: 46299 | F68: 46299 | G68: TRUE | H68: TRUE | I68: TRUE | J68: FALSE | K68: TRUE | L68: =IF($C68="","",IF(M68="","",1-M68)) -> 0.33333333 | M68: =IF($C68="","",IF(COUNTA(I68:K68)=0,"",COUNTIF(I68:K68,TRUE)/COUNTA(I68:K68))) -> 0.66666667
A69: 1 | C69: توليد الفيديو (Generate Video) | D69: IA | E69: 46299 | F69: 46299 | G69: TRUE | H69: TRUE | I69: FALSE | J69: FALSE | K69: FALSE | L69: =IF($C69="","",IF(M69="","",1-M69)) -> 1 | M69: =IF($C69="","",IF(COUNTA(I69:K69)=0,"",COUNTIF(I69:K69,TRUE)/COUNTA(I69:K69))) -> 0
A70: 3 | C70: مونتاج الفيديو (Edit Video) | D70: IA | E70: 46300 | F70: 46300 | G70: TRUE | H70: TRUE | I70: TRUE | J70: FALSE | K70: TRUE | L70: =IF($C70="","",IF(M70="","",1-M70)) -> 0.33333333 | M70: =IF($C70="","",IF(COUNTA(I70:K70)=0,"",COUNTIF(I70:K70,TRUE)/COUNTA(I70:K70))) -> 0.66666667
A71: 2 | C71: مراجعة الفيديو (Review Video) | D71: MAS & MM | E71: 46300 | F71: 46300 | G71: TRUE | H71: TRUE | I71: TRUE | J71: FALSE | K71: TRUE | L71: =IF($C71="","",IF(M71="","",1-M71)) -> 0.33333333 | M71: =IF($C71="","",IF(COUNTA(I71:K71)=0,"",COUNTIF(I71:K71,TRUE)/COUNTA(I71:K71))) -> 0.66666667
A72: 0.5 | C72: الرفع على Bunny (Upload to Bunny) | D72: IA | E72: 46301 | F72: 46301 | G72: TRUE | H72: TRUE | I72: FALSE | J72: FALSE | K72: FALSE | L72: =IF($C72="","",IF(M72="","",1-M72)) -> 1 | M72: =IF($C72="","",IF(COUNTA(I72:K72)=0,"",COUNTIF(I72:K72,TRUE)/COUNTA(I72:K72))) -> 0
A73: 1 | C73: المزامنة مع Trio Academy (Sync with Trio Academy) | D73: IA | E73: 46301 | F73: 46301 | G73: TRUE | H73: TRUE | I73: TRUE | J73: FALSE | K73: TRUE | L73: =IF($C73="","",IF(M73="","",1-M73)) -> 0.33333333 | M73: =IF($C73="","",IF(COUNTA(I73:K73)=0,"",COUNTIF(I73:K73,TRUE)/COUNTA(I73:K73))) -> 0.66666667
A74: =SUM(A75:A80) -> 8 | B74: 11 | C74: نماذج الوظائف حسب المستوى E (سلايد 47–53) | D74: MAS & MM & IA | E74: 46302 | F74: 46304 | G74: TRUE | H74: TRUE | I74: TRUE | J74: FALSE | K74: TRUE | L74: =IF($C74="","",IF(M74="","",1-M74)) -> 0.33333333 | M74: =IF($C74="","",IF(COUNTA(I74:K74)=0,"",COUNTIF(I74:K74,TRUE)/COUNTA(I74:K74))) -> 0.66666667
A75: 0.5 | C75: إعداد البرومبت (Prepare Prompt) | D75: IA & MM | E75: 46302 | F75: 46302 | G75: TRUE | H75: TRUE | I75: FALSE | J75: FALSE | K75: FALSE | L75: =IF($C75="","",IF(M75="","",1-M75)) -> 1 | M75: =IF($C75="","",IF(COUNTA(I75:K75)=0,"",COUNTIF(I75:K75,TRUE)/COUNTA(I75:K75))) -> 0
A76: 1 | C76: توليد الفيديو (Generate Video) | D76: IA | E76: 46302 | F76: 46302 | G76: TRUE | H76: TRUE | I76: TRUE | J76: FALSE | K76: TRUE | L76: =IF($C76="","",IF(M76="","",1-M76)) -> 0.33333333 | M76: =IF($C76="","",IF(COUNTA(I76:K76)=0,"",COUNTIF(I76:K76,TRUE)/COUNTA(I76:K76))) -> 0.66666667
A77: 3 | C77: مونتاج الفيديو (Edit Video) | D77: IA | E77: 46303 | F77: 46303 | G77: TRUE | H77: TRUE | I77: TRUE | J77: FALSE | K77: TRUE | L77: =IF($C77="","",IF(M77="","",1-M77)) -> 0.33333333 | M77: =IF($C77="","",IF(COUNTA(I77:K77)=0,"",COUNTIF(I77:K77,TRUE)/COUNTA(I77:K77))) -> 0.66666667
A78: 2 | C78: مراجعة الفيديو (Review Video) | D78: MAS & MM | E78: 46303 | F78: 46303 | G78: TRUE | H78: TRUE | I78: FALSE | J78: FALSE | K78: FALSE | L78: =IF($C78="","",IF(M78="","",1-M78)) -> 1 | M78: =IF($C78="","",IF(COUNTA(I78:K78)=0,"",COUNTIF(I78:K78,TRUE)/COUNTA(I78:K78))) -> 0
A79: 0.5 | C79: الرفع على Bunny (Upload to Bunny) | D79: IA | E79: 46304 | F79: 46304 | G79: TRUE | H79: TRUE | I79: TRUE | J79: FALSE | K79: TRUE | L79: =IF($C79="","",IF(M79="","",1-M79)) -> 0.33333333 | M79: =IF($C79="","",IF(COUNTA(I79:K79)=0,"",COUNTIF(I79:K79,TRUE)/COUNTA(I79:K79))) -> 0.66666667
A80: 1 | C80: المزامنة مع Trio Academy (Sync with Trio Academy) | D80: IA | E80: 46304 | F80: 46304 | G80: TRUE | H80: TRUE | I80: TRUE | J80: FALSE | K80: TRUE | L80: =IF($C80="","",IF(M80="","",1-M80)) -> 0.33333333 | M80: =IF($C80="","",IF(COUNTA(I80:K80)=0,"",COUNTIF(I80:K80,TRUE)/COUNTA(I80:K80))) -> 0.66666667
A81: =SUM(A82:A87) -> 8 | B81: 12 | C81: نماذج الوظائف حسب المستوى M (Job Models – Level M) | D81: MAS & MM & IA | E81: 46305 | F81: 46307 | G81: TRUE | H81: TRUE | I81: FALSE | J81: FALSE | K81: FALSE | L81: =IF($C81="","",IF(M81="","",1-M81)) -> 1 | M81: =IF($C81="","",IF(COUNTA(I81:K81)=0,"",COUNTIF(I81:K81,TRUE)/COUNTA(I81:K81))) -> 0
A82: 0.5 | C82: إعداد البرومبت (Prepare Prompt) | D82: IA & MM | E82: 46305 | F82: 46305 | G82: TRUE | H82: TRUE | I82: TRUE | J82: FALSE | K82: TRUE | L82: =IF($C82="","",IF(M82="","",1-M82)) -> 0.33333333 | M82: =IF($C82="","",IF(COUNTA(I82:K82)=0,"",COUNTIF(I82:K82,TRUE)/COUNTA(I82:K82))) -> 0.66666667
A83: 1 | C83: توليد الفيديو (Generate Video) | D83: IA | E83: 46305 | F83: 46305 | G83: TRUE | H83: TRUE | I83: TRUE | J83: FALSE | K83: TRUE | L83: =IF($C83="","",IF(M83="","",1-M83)) -> 0.33333333 | M83: =IF($C83="","",IF(COUNTA(I83:K83)=0,"",COUNTIF(I83:K83,TRUE)/COUNTA(I83:K83))) -> 0.66666667
A84: 3 | C84: مونتاج الفيديو (Edit Video) | D84: IA | E84: 46306 | F84: 46306 | G84: TRUE | H84: TRUE | I84: FALSE | J84: FALSE | K84: FALSE | L84: =IF($C84="","",IF(M84="","",1-M84)) -> 1 | M84: =IF($C84="","",IF(COUNTA(I84:K84)=0,"",COUNTIF(I84:K84,TRUE)/COUNTA(I84:K84))) -> 0
A85: 2 | C85: مراجعة الفيديو (Review Video) | D85: MAS & MM | E85: 46306 | F85: 46306 | G85: TRUE | H85: TRUE | I85: TRUE | J85: FALSE | K85: TRUE | L85: =IF($C85="","",IF(M85="","",1-M85)) -> 0.33333333 | M85: =IF($C85="","",IF(COUNTA(I85:K85)=0,"",COUNTIF(I85:K85,TRUE)/COUNTA(I85:K85))) -> 0.66666667
A86: 0.5 | C86: الرفع على Bunny (Upload to Bunny) | D86: IA | E86: 46307 | F86: 46307 | G86: TRUE | H86: TRUE | I86: TRUE | J86: FALSE | K86: TRUE | L86: =IF($C86="","",IF(M86="","",1-M86)) -> 0.33333333 | M86: =IF($C86="","",IF(COUNTA(I86:K86)=0,"",COUNTIF(I86:K86,TRUE)/COUNTA(I86:K86))) -> 0.66666667
A87: 1 | C87: المزامنة مع Trio Academy (Sync with Trio Academy) | D87: IA | E87: 46307 | F87: 46307 | G87: TRUE | H87: TRUE | I87: FALSE | J87: FALSE | K87: FALSE | L87: =IF($C87="","",IF(M87="","",1-M87)) -> 1 | M87: =IF($C87="","",IF(COUNTA(I87:K87)=0,"",COUNTIF(I87:K87,TRUE)/COUNTA(I87:K87))) -> 0
A88: =SUM(A89:A94) -> 8 | B88: 13 | C88: نماذج الوظائف حسب المستوى S (Job Models – Level S) | D88: MAS & MM & IA | E88: 46308 | F88: 46310 | G88: TRUE | H88: TRUE | I88: TRUE | J88: FALSE | K88: TRUE | L88: =IF($C88="","",IF(M88="","",1-M88)) -> 0.33333333 | M88: =IF($C88="","",IF(COUNTA(I88:K88)=0,"",COUNTIF(I88:K88,TRUE)/COUNTA(I88:K88))) -> 0.66666667
A89: 0.5 | C89: إعداد البرومبت (Prepare Prompt) | D89: IA & MM | E89: 46308 | F89: 46308 | G89: TRUE | H89: TRUE | I89: TRUE | J89: FALSE | K89: TRUE | L89: =IF($C89="","",IF(M89="","",1-M89)) -> 0.33333333 | M89: =IF($C89="","",IF(COUNTA(I89:K89)=0,"",COUNTIF(I89:K89,TRUE)/COUNTA(I89:K89))) -> 0.66666667
A90: 1 | C90: توليد الفيديو (Generate Video) | D90: IA | E90: 46308 | F90: 46308 | G90: TRUE | H90: TRUE | I90: FALSE | J90: FALSE | K90: FALSE | L90: =IF($C90="","",IF(M90="","",1-M90)) -> 1 | M90: =IF($C90="","",IF(COUNTA(I90:K90)=0,"",COUNTIF(I90:K90,TRUE)/COUNTA(I90:K90))) -> 0
A91: 3 | C91: مونتاج الفيديو (Edit Video) | D91: IA | E91: 46309 | F91: 46309 | G91: TRUE | H91: TRUE | I91: TRUE | J91: FALSE | K91: TRUE | L91: =IF($C91="","",IF(M91="","",1-M91)) -> 0.33333333 | M91: =IF($C91="","",IF(COUNTA(I91:K91)=0,"",COUNTIF(I91:K91,TRUE)/COUNTA(I91:K91))) -> 0.66666667
A92: 2 | C92: مراجعة الفيديو (Review Video) | D92: MAS & MM | E92: 46309 | F92: 46309 | G92: TRUE | H92: TRUE | I92: TRUE | J92: FALSE | K92: TRUE | L92: =IF($C92="","",IF(M92="","",1-M92)) -> 0.33333333 | M92: =IF($C92="","",IF(COUNTA(I92:K92)=0,"",COUNTIF(I92:K92,TRUE)/COUNTA(I92:K92))) -> 0.66666667
A93: 0.5 | C93: الرفع على Bunny (Upload to Bunny) | D93: IA | E93: 46310 | F93: 46310 | G93: TRUE | H93: TRUE | I93: FALSE | J93: FALSE | K93: FALSE | L93: =IF($C93="","",IF(M93="","",1-M93)) -> 1 | M93: =IF($C93="","",IF(COUNTA(I93:K93)=0,"",COUNTIF(I93:K93,TRUE)/COUNTA(I93:K93))) -> 0
A94: 1 | C94: المزامنة مع Trio Academy (Sync with Trio Academy) | D94: IA | E94: 46310 | F94: 46310 | G94: TRUE | H94: TRUE | I94: TRUE | J94: FALSE | K94: TRUE | L94: =IF($C94="","",IF(M94="","",1-M94)) -> 0.33333333 | M94: =IF($C94="","",IF(COUNTA(I94:K94)=0,"",COUNTIF(I94:K94,TRUE)/COUNTA(I94:K94))) -> 0.66666667
A95: =SUM(A96:A101) -> 8 | B95: 14 | C95: نموذج الجدارات وتقييمها (سلايد 72–76) | D95: MAS & MM & IA | E95: 46311 | F95: 46313 | G95: TRUE | H95: TRUE | I95: TRUE | J95: FALSE | K95: TRUE | L95: =IF($C95="","",IF(M95="","",1-M95)) -> 0.33333333 | M95: =IF($C95="","",IF(COUNTA(I95:K95)=0,"",COUNTIF(I95:K95,TRUE)/COUNTA(I95:K95))) -> 0.66666667
A96: 0.5 | C96: إعداد البرومبت (Prepare Prompt) | D96: IA & MM | E96: 46311 | F96: 46311 | G96: TRUE | H96: TRUE | I96: FALSE | J96: FALSE | K96: FALSE | L96: =IF($C96="","",IF(M96="","",1-M96)) -> 1 | M96: =IF($C96="","",IF(COUNTA(I96:K96)=0,"",COUNTIF(I96:K96,TRUE)/COUNTA(I96:K96))) -> 0
A97: 1 | C97: توليد الفيديو (Generate Video) | D97: IA | E97: 46311 | F97: 46311 | G97: TRUE | H97: TRUE | I97: TRUE | J97: FALSE | K97: TRUE | L97: =IF($C97="","",IF(M97="","",1-M97)) -> 0.33333333 | M97: =IF($C97="","",IF(COUNTA(I97:K97)=0,"",COUNTIF(I97:K97,TRUE)/COUNTA(I97:K97))) -> 0.66666667
A98: 3 | C98: مونتاج الفيديو (Edit Video) | D98: IA | E98: 46312 | F98: 46312 | G98: TRUE | H98: TRUE | I98: TRUE | J98: FALSE | K98: TRUE | L98: =IF($C98="","",IF(M98="","",1-M98)) -> 0.33333333 | M98: =IF($C98="","",IF(COUNTA(I98:K98)=0,"",COUNTIF(I98:K98,TRUE)/COUNTA(I98:K98))) -> 0.66666667
A99: 2 | C99: مراجعة الفيديو (Review Video) | D99: MAS & MM | E99: 46312 | F99: 46312 | G99: TRUE | H99: TRUE | I99: FALSE | J99: FALSE | K99: FALSE | L99: =IF($C99="","",IF(M99="","",1-M99)) -> 1 | M99: =IF($C99="","",IF(COUNTA(I99:K99)=0,"",COUNTIF(I99:K99,TRUE)/COUNTA(I99:K99))) -> 0
A100: 0.5 | C100: الرفع على Bunny (Upload to Bunny) | D100: IA | E100: 46313 | F100: 46313 | G100: TRUE | H100: TRUE | I100: TRUE | J100: FALSE | K100: TRUE | L100: =IF($C100="","",IF(M100="","",1-M100)) -> 0.33333333 | M100: =IF($C100="","",IF(COUNTA(I100:K100)=0,"",COUNTIF(I100:K100,TRUE)/COUNTA(I100:K100))) -> 0.66666667
...

Sheet AI Agents
A1: Mail Digest AI Agent — Project Plan 24/08/2026 | F1: Progress
A2: S | B2: Mail Digest AI Agent | C2: Resp | D2: Start Date | E2: End Date | F2: Design / Spec | G2: Build | H2: Delivery
H3: Config | I3: Test | J3: Deploy | K3: Verify | L3: Docs | M3: Missing | N3: Done
A4: 1 | B4: PHASE 1 — Local IMAP Tool (this machine)
A5: 2 | B5: T01 Build core IMAP client (mail.py) | C5: IA | D5: 46249 | E5: 46259 | F5: TRUE | G5: TRUE | H5: TRUE | I5: TRUE | J5: TRUE | K5: TRUE | L5: TRUE | M5: =IF(N5="","",1-N5) -> 0 | N5: =IF(COUNTA(F5:L5)=0,"",COUNTIF(F5:L5,TRUE)/COUNTA(F5:L5)) -> 1 | R5: STATUS SUMMARY
A6: 3 | B6: T02 Build setup wizard (setup.py) | C6: IA | D6: 46249 | E6: 46259 | F6: TRUE | G6: TRUE | H6: TRUE | I6: TRUE | J6: TRUE | K6: TRUE | L6: TRUE | M6: =IF(N6="","",1-N6) -> 0 | N6: =IF(COUNTA(F6:L6)=0,"",COUNTIF(F6:L6,TRUE)/COUNTA(F6:L6)) -> 1 | R6: Done | S6: =COUNTIFS($N$5:$N$36,1) -> 23 | T6: =IFERROR(S6/$S$10,0) -> 0.74193548
A7: 4 | B7: T03 Write project docs (CLAUDE.md, README.md) | C7: IA | D7: 46249 | E7: 46259 | F7: TRUE | G7: TRUE | H7: TRUE | I7: TRUE | J7: TRUE | K7: TRUE | L7: TRUE | M7: =IF(N7="","",1-N7) -> 0 | N7: =IF(COUNTA(F7:L7)=0,"",COUNTIF(F7:L7,TRUE)/COUNTA(F7:L7)) -> 1 | R7: In progress / Pending | S7: =COUNTIFS($N$5:$N$36,">0",$N$5:$N$36,"<1") -> 6 | T7: =IFERROR(S7/$S$10,0) -> 0.19354839
A8: 5 | B8: T04 Configure real mailbox credentials (.env) | C8: IA | D8: 46249 | E8: 46259 | F8: TRUE | G8: TRUE | H8: TRUE | I8: TRUE | J8: TRUE | K8: TRUE | L8: TRUE | M8: =IF(N8="","",1-N8) -> 0 | N8: =IF(COUNTA(F8:L8)=0,"",COUNTIF(F8:L8,TRUE)/COUNTA(F8:L8)) -> 1 | R8: Backlog / Not started | S8: =COUNTIFS($N$5:$N$36,0) -> 2 | T8: =IFERROR(S8/$S$10,0) -> 0.064516129
A9: 6 | B9: T05 Verify live IMAP connection | C9: IA | D9: 46249 | E9: 46259 | F9: TRUE | G9: TRUE | H9: TRUE | I9: TRUE | J9: TRUE | K9: TRUE | L9: TRUE | M9: =IF(N9="","",1-N9) -> 0 | N9: =IF(COUNTA(F9:L9)=0,"",COUNTIF(F9:L9,TRUE)/COUNTA(F9:L9)) -> 1 | R9: Overall completion | S9: =IFERROR(AVERAGE($N$5:$N$36),0) -> 0.82488479
A10: 7 | B10: T06 Build daily digest engine (digest.py) | C10: IA | D10: 46249 | E10: 46259 | F10: TRUE | G10: TRUE | H10: TRUE | I10: TRUE | J10: TRUE | K10: TRUE | L10: TRUE | M10: =IF(N10="","",1-N10) -> 0 | N10: =IF(COUNTA(F10:L10)=0,"",COUNTIF(F10:L10,TRUE)/COUNTA(F10:L10)) -> 1 | R10: Total tasks | S10: =COUNT($N$5:$N$36) -> 31
A11: 8 | B11: T07 Fix --json flag argparse bug | C11: IA | D11: 46249 | E11: 46259 | F11: TRUE | G11: TRUE | H11: TRUE | I11: TRUE | J11: TRUE | K11: TRUE | L11: TRUE | M11: =IF(N11="","",1-N11) -> 0 | N11: =IF(COUNTA(F11:L11)=0,"",COUNTIF(F11:L11,TRUE)/COUNTA(F11:L11)) -> 1
A12: 9 | B12: T08 Install Windows scheduled task (10:00 daily) | C12: IA | D12: 46249 | E12: 46259 | F12: TRUE | G12: TRUE | H12: TRUE | I12: TRUE | J12: TRUE | K12: TRUE | L12: TRUE | M12: =IF(N12="","",1-N12) -> 0 | N12: =IF(COUNTA(F12:L12)=0,"",COUNTIF(F12:L12,TRUE)/COUNTA(F12:L12)) -> 1
A13: 10 | B13: T09 Decide send-every-day vs only-if-new-mail | C13: IA | D13: 46249 | E13: 46259 | F13: TRUE | G13: TRUE | H13: TRUE | I13: TRUE | J13: TRUE | K13: TRUE | L13: TRUE | M13: =IF(N13="","",1-N13) -> 0 | N13: =IF(COUNTA(F13:L13)=0,"",COUNTIF(F13:L13,TRUE)/COUNTA(F13:L13)) -> 1
A14: 11 | B14: T10 Build Telegram bot (telegram_bot.py) | C14: IA | D14: 46249 | E14: 46259 | F14: TRUE | G14: TRUE | H14: TRUE | I14: TRUE | J14: TRUE | K14: TRUE | L14: TRUE | M14: =IF(N14="","",1-N14) -> 0 | N14: =IF(COUNTA(F14:L14)=0,"",COUNTIF(F14:L14,TRUE)/COUNTA(F14:L14)) -> 1
A15: 12 | B15: T11 Fix pythonw stdout=None crash | C15: IA | D15: 46249 | E15: 46259 | F15: TRUE | G15: TRUE | H15: TRUE | I15: TRUE | J15: TRUE | K15: TRUE | L15: TRUE | M15: =IF(N15="","",1-N15) -> 0 | N15: =IF(COUNTA(F15:L15)=0,"",COUNTIF(F15:L15,TRUE)/COUNTA(F15:L15)) -> 1
A16: 13 | B16: T12 Register bot as background service | C16: IA | D16: 46249 | E16: 46259 | F16: TRUE | G16: TRUE | H16: TRUE | I16: TRUE | J16: TRUE | K16: TRUE | L16: TRUE | M16: =IF(N16="","",1-N16) -> 0 | N16: =IF(COUNTA(F16:L16)=0,"",COUNTIF(F16:L16,TRUE)/COUNTA(F16:L16)) -> 1
A17: 14 | B17: T13 Wire Telegram /digest to also email Outlook | C17: IA | D17: 46249 | E17: 46259 | F17: TRUE | G17: TRUE | H17: TRUE | I17: TRUE | J17: TRUE | K17: TRUE | L17: TRUE | M17: =IF(N17="","",1-N17) -> 0 | N17: =IF(COUNTA(F17:L17)=0,"",COUNTIF(F17:L17,TRUE)/COUNTA(F17:L17)) -> 1
A18: 15 | B18: T14 Redesign digest format (priority buckets + links) | C18: IA | D18: 46249 | E18: 46259 | F18: TRUE | G18: TRUE | H18: TRUE | I18: TRUE | J18: TRUE | K18: TRUE | L18: TRUE | M18: =IF(N18="","",1-N18) -> 0 | N18: =IF(COUNTA(F18:L18)=0,"",COUNTIF(F18:L18,TRUE)/COUNTA(F18:L18)) -> 1
A19: 16 | B19: T15 User acceptance test of live /digest command | C19: IA | D19: 46249 | E19: 46259 | F19: TRUE | G19: TRUE | H19: FALSE | I19: FALSE | J19: FALSE | K19: FALSE | L19: TRUE | M19: =IF(N19="","",1-N19) -> 0.57142857 | N19: =IF(COUNTA(F19:L19)=0,"",COUNTIF(F19:L19,TRUE)/COUNTA(F19:L19)) -> 0.42857143
A20: 17 | B20: PHASE 2 — n8n Cloud Migration (n8n.dawrly.space) | M20: =IF(N20="","",1-N20) | N20: =IF(COUNTA(F20:L20)=0,"",COUNTIF(F20:L20,TRUE)/COUNTA(F20:L20))
A21: 18 | B21: T16 Connect to n8n instance | C21: IA | D21: 46259 | E21: 46270 | F21: TRUE | G21: TRUE | H21: TRUE | I21: TRUE | J21: TRUE | K21: TRUE | L21: TRUE | M21: =IF(N21="","",1-N21) -> 0 | N21: =IF(COUNTA(F21:L21)=0,"",COUNTIF(F21:L21,TRUE)/COUNTA(F21:L21)) -> 1
A22: 19 | B22: T17 Investigate n8n IMAP node capabilities | C22: IA | D22: 46259 | E22: 46270 | F22: TRUE | G22: TRUE | H22: TRUE | I22: TRUE | J22: TRUE | K22: TRUE | L22: TRUE | M22: =IF(N22="","",1-N22) -> 0 | N22: =IF(COUNTA(F22:L22)=0,"",COUNTIF(F22:L22,TRUE)/COUNTA(F22:L22)) -> 1
A23: 20 | B23: T18 Design capture + buffer + digest architecture | C23: IA | D23: 46259 | E23: 46270 | F23: TRUE | G23: TRUE | H23: TRUE | I23: TRUE | J23: TRUE | K23: TRUE | L23: TRUE | M23: =IF(N23="","",1-N23) -> 0 | N23: =IF(COUNTA(F23:L23)=0,"",COUNTIF(F23:L23,TRUE)/COUNTA(F23:L23)) -> 1
A24: 21 | B24: T19 Create IMAP credential in n8n | C24: IA | D24: 46259 | E24: 46270 | F24: TRUE | G24: TRUE | H24: TRUE | I24: TRUE | J24: TRUE | K24: TRUE | L24: TRUE | M24: =IF(N24="","",1-N24) -> 0 | N24: =IF(COUNTA(F24:L24)=0,"",COUNTIF(F24:L24,TRUE)/COUNTA(F24:L24)) -> 1
A25: 22 | B25: T20 Generate n8n API key | C25: IA | D25: 46259 | E25: 46270 | F25: TRUE | G25: TRUE | H25: TRUE | I25: TRUE | J25: TRUE | K25: TRUE | L25: TRUE | M25: =IF(N25="","",1-N25) -> 0 | N25: =IF(COUNTA(F25:L25)=0,"",COUNTIF(F25:L25,TRUE)/COUNTA(F25:L25)) -> 1
A26: 23 | B26: T21 Create "mail-digest-inbox" Data Table | C26: IA | D26: 46259 | E26: 46270 | F26: TRUE | G26: TRUE | H26: TRUE | I26: TRUE | J26: TRUE | K26: TRUE | L26: TRUE | M26: =IF(N26="","",1-N26) -> 0 | N26: =IF(COUNTA(F26:L26)=0,"",COUNTIF(F26:L26,TRUE)/COUNTA(F26:L26)) -> 1
A27: 24 | B27: T22 Build "Mail Capture" workflow | C27: IA | D27: 46259 | E27: 46270 | F27: TRUE | G27: TRUE | H27: TRUE | I27: TRUE | J27: TRUE | K27: TRUE | L27: TRUE | M27: =IF(N27="","",1-N27) -> 0 | N27: =IF(COUNTA(F27:L27)=0,"",COUNTIF(F27:L27,TRUE)/COUNTA(F27:L27)) -> 1
A28: 25 | B28: T23 Build "Daily Digest 10AM" workflow | C28: IA | D28: 46259 | E28: 46270 | F28: TRUE | G28: TRUE | H28: TRUE | I28: TRUE | J28: TRUE | K28: TRUE | L28: TRUE | M28: =IF(N28="","",1-N28) -> 0 | N28: =IF(COUNTA(F28:L28)=0,"",COUNTIF(F28:L28,TRUE)/COUNTA(F28:L28)) -> 1
A29: 26 | B29: T24 Build "Telegram Command Bot" workflow | C29: IA | D29: 46259 | E29: 46270 | F29: TRUE | G29: TRUE | H29: TRUE | I29: TRUE | J29: TRUE | K29: TRUE | L29: TRUE | M29: =IF(N29="","",1-N29) -> 0 | N29: =IF(COUNTA(F29:L29)=0,"",COUNTIF(F29:L29,TRUE)/COUNTA(F29:L29)) -> 1
A30: 27 | B30: T25 Create SMTP credential in n8n | C30: IA | D30: 46259 | E30: 46270 | F30: TRUE | G30: TRUE | H30: FALSE | I30: FALSE | J30: FALSE | K30: FALSE | L30: TRUE | M30: =IF(N30="","",1-N30) -> 0.57142857 | N30: =IF(COUNTA(F30:L30)=0,"",COUNTIF(F30:L30,TRUE)/COUNTA(F30:L30)) -> 0.42857143
A31: 28 | B31: T26 Create Telegram credential for @hemaminibot | C31: IA | D31: 46259 | E31: 46270 | F31: TRUE | G31: TRUE | H31: FALSE | I31: FALSE | J31: FALSE | K31: FALSE | L31: TRUE | M31: =IF(N31="","",1-N31) -> 0.57142857 | N31: =IF(COUNTA(F31:L31)=0,"",COUNTIF(F31:L31,TRUE)/COUNTA(F31:L31)) -> 0.42857143
A32: 29 | B32: T27 Wire new credentials into workflow nodes | C32: IA | D32: 46259 | E32: 46270 | F32: TRUE | G32: TRUE | H32: FALSE | I32: FALSE | J32: FALSE | K32: FALSE | L32: TRUE | M32: =IF(N32="","",1-N32) -> 0.57142857 | N32: =IF(COUNTA(F32:L32)=0,"",COUNTIF(F32:L32,TRUE)/COUNTA(F32:L32)) -> 0.42857143
... A36: 33 | B36: T31 Add Data Table retention/cleanup | C36: IA | D36: 46259 | E36: 46270 | F36: FALSE | G36: FALSE | H36: FALSE | I36: FALSE | J36: FALSE | K36: FALSE | L36: FALSE | M36: =IF(N36="","",1-N36) -> 1 | N36: =IF(COUNTA(F36:L36)=0,"",COUNTIF(F36:L36,TRUE)/COUNTA(F36:L36)) -> 0

Sheet AI Projects Plan
A1: AI Projects Plan 04/07/2026 | G1: Progress | V1: STATUS SUMMARY
A2: S | B2: Project/Activity | C2: Priority | D2: Resp | E2: Start Date | F2: End Date | G2: Project concept approval | H2: Project paln & approval | I2: Kick-off meeting | J2: Implementaion | V2: Done | W2: =COUNTIFS($T$4:$T$39,1) -> 2 | X2: =IFERROR(W2/W$6,0) -> 0.055555556
J3: BOD | K3: Int Audit | L3: EC/CEO | M3: Fin | N3: SC | O3: OPS | P3: HR | Q3: FS | R3: Consult. | S3: Missing | T3: Done | V3: In progress / Pending | W3: =COUNTIFS($T$4:$T$39,">0",$T$4:$T$39,"<1") -> 1 | X3: =IFERROR(W3/W$6,0) -> 0.027777778
A4: 1 | B4: Building the Learning Management System | C4: A+++ | D4: IA&MAS& MM | G4: TRUE | H4: TRUE | I4: TRUE | J4: TRUE | K4: TRUE | L4: TRUE | M4: TRUE | N4: TRUE | O4: TRUE | P4: TRUE | Q4: TRUE | R4: TRUE | S4: =1-T4 -> 0 | T4: =COUNTIF(G4:R4,TRUE)/COUNTA(G4:R4) -> 1 | V4: Backlog / Not started | W4: =COUNTIFS($T$4:$T$39,0) -> 33 | X4: =IFERROR(W4/W$6,0) -> 0.91666667
A5: 2 | B5: LMS Food Safety Standards Project | C5: A+++ | D5: IA&MAS | G5: TRUE | H5: TRUE | I5: TRUE | J5: TRUE | K5: TRUE | L5: TRUE | M5: TRUE | N5: TRUE | O5: TRUE | P5: TRUE | Q5: TRUE | R5: TRUE | S5: =1-T5 -> 0 | T5: =COUNTIF(G5:R5,TRUE)/COUNTA(G5:R5) -> 1 | V5: Overall completion | W5: =IFERROR(AVERAGE($T$4:$T$39),0) -> 0.06712963
A6: 11 | B6: LMS OPS Manual Project | C6: A+++ | D6: IA&MAS | G6: FALSE | H6: FALSE | I6: FALSE | J6: FALSE | K6: FALSE | L6: FALSE | M6: FALSE | N6: FALSE | O6: FALSE | P6: FALSE | Q6: FALSE | R6: FALSE | S6: =1-T6 -> 1 | T6: =COUNTIF(G6:R6,TRUE)/COUNTA(G6:R6) -> 0 | V6: Total tasks | W6: =COUNT($T$4:$T$39) -> 36
A7: 3 | B7: Company functional Gap analysisi | C7: A+++ | D7: IA&MAS | G7: FALSE | H7: FALSE | I7: FALSE | J7: FALSE | K7: FALSE | L7: FALSE | M7: FALSE | N7: FALSE | O7: FALSE | P7: FALSE | Q7: FALSE | R7: FALSE | S7: =1-T7 -> 1 | T7: =COUNTIF(G7:R7,TRUE)/COUNTA(G7:R7) -> 0
A8: 4 | B8: Competition analysis | C8: A+++ | D8: Ibrahim | G8: TRUE | H8: TRUE | I8: TRUE | J8: TRUE | K8: TRUE | L8: FALSE | M8: FALSE | N8: FALSE | O8: FALSE | P8: FALSE | Q8: FALSE | R8: FALSE | S8: =1-T8 -> 0.58333333 | T8: =COUNTIF(G8:R8,TRUE)/COUNTA(G8:R8) -> 0.41666667
A9: 5 | B9: Company Systems (EPM&I) Training | C9: A+++ | D9: IA&MAS | G9: FALSE | H9: FALSE | I9: FALSE | J9: FALSE | K9: FALSE | L9: FALSE | M9: FALSE | N9: FALSE | O9: FALSE | P9: FALSE | Q9: FALSE | R9: FALSE | S9: =1-T9 -> 1 | T9: =COUNTIF(G9:R9,TRUE)/COUNTA(G9:R9) -> 0
A10: 6 | B10: Customer Relationship Management | C10: A+++ | D10: IA&MAS | G10: FALSE | H10: FALSE | I10: FALSE | J10: FALSE | K10: FALSE | L10: FALSE | M10: FALSE | N10: FALSE | O10: FALSE | P10: FALSE | Q10: FALSE | R10: FALSE | S10: =1-T10 -> 1 | T10: =COUNTIF(G10:R10,TRUE)/COUNTA(G10:R10) -> 0
A11: 7 | B11: Customer Service Training - Critical Elements of Customer Service | C11: A+++ | D11: IA&MAS | G11: FALSE | H11: FALSE | I11: FALSE | J11: FALSE | K11: FALSE | L11: FALSE | M11: FALSE | N11: FALSE | O11: FALSE | P11: FALSE | Q11: FALSE | R11: FALSE | S11: =1-T11 -> 1 | T11: =COUNTIF(G11:R11,TRUE)/COUNTA(G11:R11) -> 0
A12: 8 | B12: Customer Service Training - Managing Customer Service | C12: A+++ | D12: IA&MAS | G12: FALSE | H12: FALSE | I12: FALSE | J12: FALSE | K12: FALSE | L12: FALSE | M12: FALSE | N12: FALSE | O12: FALSE | P12: FALSE | Q12: FALSE | R12: FALSE | S12: =1-T12 -> 1 | T12: =COUNTIF(G12:R12,TRUE)/COUNTA(G12:R12) -> 0
A13: 9 | B13: EPM&I Mgmt and Tracking | C13: A+++ | D13: IA&MAS | G13: FALSE | H13: FALSE | I13: FALSE | J13: FALSE | K13: FALSE | L13: FALSE | M13: FALSE | N13: FALSE | O13: FALSE | P13: FALSE | Q13: FALSE | R13: FALSE | S13: =1-T13 -> 1 | T13: =COUNTIF(G13:R13,TRUE)/COUNTA(G13:R13) -> 0
A14: 10 | B14: AI Agents | C14: A+++ | D14: Ibrahim | G14: FALSE | H14: FALSE | I14: FALSE | J14: FALSE | K14: FALSE | L14: FALSE | M14: FALSE | N14: FALSE | O14: FALSE | P14: FALSE | Q14: FALSE | R14: FALSE | S14: =1-T14 -> 1 | T14: =COUNTIF(G14:R14,TRUE)/COUNTA(G14:R14) -> 0
A15: 12 | B15: The Professional Supervisor | C15: A+++ | D15: IA&MAS | G15: FALSE | H15: FALSE | I15: FALSE | J15: FALSE | K15: FALSE | L15: FALSE | M15: FALSE | N15: FALSE | O15: FALSE | P15: FALSE | Q15: FALSE | R15: FALSE | S15: =1-T15 -> 1 | T15: =COUNTIF(G15:R15,TRUE)/COUNTA(G15:R15) -> 0
A16: 13 | B16: support OPS | C16: A+++ | D16: IA&MAS | G16: FALSE | H16: FALSE | I16: FALSE | J16: FALSE | K16: FALSE | L16: FALSE | M16: FALSE | N16: FALSE | O16: FALSE | P16: FALSE | Q16: FALSE | R16: FALSE | S16: =1-T16 -> 1 | T16: =COUNTIF(G16:R16,TRUE)/COUNTA(G16:R16) -> 0
A17: 14 | B17: support HR | C17: A+++ | D17: IA&MAM | G17: FALSE | H17: FALSE | I17: FALSE | J17: FALSE | K17: FALSE | L17: FALSE | M17: FALSE | N17: FALSE | O17: FALSE | P17: FALSE | Q17: FALSE | R17: FALSE | S17: =1-T17 -> 1 | T17: =COUNTIF(G17:R17,TRUE)/COUNTA(G17:R17) -> 0
A18: 15 | B18: support Pur | C18: A+++ | D18: IA&HH | G18: FALSE | H18: FALSE | I18: FALSE | J18: FALSE | K18: FALSE | L18: FALSE | M18: FALSE | N18: FALSE | O18: FALSE | P18: FALSE | Q18: FALSE | R18: FALSE | S18: =1-T18 -> 1 | T18: =COUNTIF(G18:R18,TRUE)/COUNTA(G18:R18) -> 0
A19: 16 | B19: support WH | C19: A+++ | D19: IA&HH | G19: FALSE | H19: FALSE | I19: FALSE | J19: FALSE | K19: FALSE | L19: FALSE | M19: FALSE | N19: FALSE | O19: FALSE | P19: FALSE | Q19: FALSE | R19: FALSE | S19: =1-T19 -> 1 | T19: =COUNTIF(G19:R19,TRUE)/COUNTA(G19:R19) -> 0
B20: Communication Skills | C20: A | D20: IA&MAS | G20: FALSE | H20: FALSE | I20: FALSE | J20: FALSE | K20: FALSE | L20: FALSE | M20: FALSE | N20: FALSE | O20: FALSE | P20: FALSE | Q20: FALSE | R20: FALSE | S20: =1-T20 -> 1 | T20: =COUNTIF(G20:R20,TRUE)/COUNTA(G20:R20) -> 0
B21: Communication Strategies | C21: A | D21: IA&MAS | G21: FALSE | H21: FALSE | I21: FALSE | J21: FALSE | K21: FALSE | L21: FALSE | M21: FALSE | N21: FALSE | O21: FALSE | P21: FALSE | Q21: FALSE | R21: FALSE | S21: =1-T21 -> 1 | T21: =COUNTIF(G21:R21,TRUE)/COUNTA(G21:R21) -> 0
B22: Business Leadership - Becoming Mgmt Material | C22: A | D22: IA&MAS | G22: FALSE | H22: FALSE | I22: FALSE | J22: FALSE | K22: FALSE | L22: FALSE | M22: FALSE | N22: FALSE | O22: FALSE | P22: FALSE | Q22: FALSE | R22: FALSE | S22: =1-T22 -> 1 | T22: =COUNTIF(G22:R22,TRUE)/COUNTA(G22:R22) -> 0
B23: Coaching - A Leadership Skill | C23: A | D23: IA&MAS | G23: FALSE | H23: FALSE | I23: FALSE | J23: FALSE | K23: FALSE | L23: FALSE | M23: FALSE | N23: FALSE | O23: FALSE | P23: FALSE | Q23: FALSE | R23: FALSE | S23: =1-T23 -> 1 | T23: =COUNTIF(G23:R23,TRUE)/COUNTA(G23:R23) -> 0
B24: Leadership Skills for Supervisors - Communication, Coaching, and Conflict | C24: A | D24: IA&MAS | G24: FALSE | H24: FALSE | I24: FALSE | J24: FALSE | K24: FALSE | L24: FALSE | M24: FALSE | N24: FALSE | O24: FALSE | P24: FALSE | Q24: FALSE | R24: FALSE | S24: =1-T24 -> 1 | T24: =COUNTIF(G24:R24,TRUE)/COUNTA(G24:R24) -> 0
B25: The ABC's of Supervising Others | C25: A | D25: IA&MAS | G25: FALSE | H25: FALSE | I25: FALSE | J25: FALSE | K25: FALSE | L25: FALSE | M25: FALSE | N25: FALSE | O25: FALSE | P25: FALSE | Q25: FALSE | R25: FALSE | S25: =1-T25 -> 1 | T25: =COUNTIF(G25:R25,TRUE)/COUNTA(G25:R25) -> 0
B26: Time Management - Get Organized for Peak Performance | C26: A | D26: IA&MAS | G26: FALSE | H26: FALSE | I26: FALSE | J26: FALSE | K26: FALSE | L26: FALSE | M26: FALSE | N26: FALSE | O26: FALSE | P26: FALSE | Q26: FALSE | R26: FALSE | S26: =1-T26 -> 1 | T26: =COUNTIF(G26:R26,TRUE)/COUNTA(G26:R26) -> 0
B27: Meeting Management - The Art of Making Meetings Work | C27: A | D27: IA&MAS | G27: FALSE | H27: FALSE | I27: FALSE | J27: FALSE | K27: FALSE | L27: FALSE | M27: FALSE | N27: FALSE | O27: FALSE | P27: FALSE | Q27: FALSE | R27: FALSE | S27: =1-T27 -> 1 | T27: =COUNTIF(G27:R27,TRUE)/COUNTA(G27:R27) -> 0
B28: Employee Accountability | C28: A | D28: IA&MAS | G28: FALSE | H28: FALSE | I28: FALSE | J28: FALSE | K28: FALSE | L28: FALSE | M28: FALSE | N28: FALSE | O28: FALSE | P28: FALSE | Q28: FALSE | R28: FALSE | S28: =1-T28 -> 1 | T28: =COUNTIF(G28:R28,TRUE)/COUNTA(G28:R28) -> 0
B29: MBTI and assessment centers | C29: A | D29: IA&MAS | G29: FALSE | H29: FALSE | I29: FALSE | J29: FALSE | K29: FALSE | L29: FALSE | M29: FALSE | N29: FALSE | O29: FALSE | P29: FALSE | Q29: FALSE | R29: FALSE | S29: =1-T29 -> 1 | T29: =COUNTIF(G29:R29,TRUE)/COUNTA(G29:R29) -> 0
B30: Purchase the VPS on Hostinger($95.62/first year) and Creator Plan on Heygen(29$/mo) | D30: IA&MAS | G30: FALSE | H30: FALSE | I30: FALSE | J30: FALSE | K30: FALSE | L30: FALSE | M30: FALSE | N30: FALSE | O30: FALSE | P30: FALSE | Q30: FALSE | R30: FALSE | S30: =1-T30 -> 1 | T30: =COUNTIF(G30:R30,TRUE)/COUNTA(G30:R30) -> 0
B31: Setup the server and upload the full LMS | D31: Ibrahim | G31: FALSE | H31: FALSE | I31: FALSE | J31: FALSE | K31: FALSE | L31: FALSE | M31: FALSE | N31: FALSE | O31: FALSE | P31: FALSE | Q31: FALSE | R31: FALSE | S31: =1-T31 -> 1 | T31: =COUNTIF(G31:R31,TRUE)/COUNTA(G31:R31) -> 0
B32: Stress Management | D32: IA&MAS | G32: FALSE | H32: FALSE | I32: FALSE | J32: FALSE | K32: FALSE | L32: FALSE | M32: FALSE | N32: FALSE | O32: FALSE | P32: FALSE | Q32: FALSE | R32: FALSE | S32: =1-T32 -> 1 | T32: =COUNTIF(G32:R32,TRUE)/COUNTA(G32:R32) -> 0
B33: Accounting Skills for New Supervisors | D33: IA&MAS | G33: FALSE | H33: FALSE | I33: FALSE | J33: FALSE | K33: FALSE | L33: FALSE | M33: FALSE | N33: FALSE | O33: FALSE | P33: FALSE | Q33: FALSE | R33: FALSE | S33: =1-T33 -> 1 | T33: =COUNTIF(G33:R33,TRUE)/COUNTA(G33:R33) -> 0
B34: Team Building - Developing High Performance Teams | D34: IA&MAS | G34: FALSE | H34: FALSE | I34: FALSE | J34: FALSE | K34: FALSE | L34: FALSE | M34: FALSE | N34: FALSE | O34: FALSE | P34: FALSE | Q34: FALSE | R34: FALSE | S34: =1-T34 -> 1 | T34: =COUNTIF(G34:R34,TRUE)/COUNTA(G34:R34) -> 0
B35: Teamwork - Building Better Teams | D35: IA&MAS | G35: FALSE | H35: FALSE | I35: FALSE | J35: FALSE | K35: FALSE | L35: FALSE | M35: FALSE | N35: FALSE | O35: FALSE | P35: FALSE | Q35: FALSE | R35: FALSE | S35: =1-T35 -> 1 | T35: =COUNTIF(G35:R35,TRUE)/COUNTA(G35:R35) -> 0
B36: Inventory Management - The Nuts and Bolts | D36: IA&MAS | G36: FALSE | H36: FALSE | I36: FALSE | J36: FALSE | K36: FALSE | L36: FALSE | M36: FALSE | N36: FALSE | O36: FALSE | P36: FALSE | Q36: FALSE | R36: FALSE | S36: =1-T36 -> 1 | T36: =COUNTIF(G36:R36,TRUE)/COUNTA(G36:R36) -> 0
B37: Delegation - The Art of Delegating Effectively | D37: IA&MAS | G37: FALSE | H37: FALSE | I37: FALSE | J37: FALSE | K37: FALSE | L37: FALSE | M37: FALSE | N37: FALSE | O37: FALSE | P37: FALSE | Q37: FALSE | R37: FALSE | S37: =1-T37 -> 1 | T37: =COUNTIF(G37:R37,TRUE)/COUNTA(G37:R37) -> 0
B38: Motivation Training - Motivating Your Workforce | D38: IA&MAS | G38: FALSE | H38: FALSE | I38: FALSE | J38: FALSE | K38: FALSE | L38: FALSE | M38: FALSE | N38: FALSE | O38: FALSE | P38: FALSE | Q38: FALSE | R38: FALSE | S38: =1-T38 -> 1 | T38: =COUNTIF(G38:R38,TRUE)/COUNTA(G38:R38) -> 0
B39: Intro to Artificiel Intelligence | D39: IA&MAS | G39: FALSE | H39: FALSE | I39: FALSE | J39: FALSE | K39: FALSE | L39: FALSE | M39: FALSE | N39: FALSE | O39: FALSE | P39: FALSE | Q39: FALSE | R39: FALSE | S39: =1-T39 -> 1 | T39: =COUNTIF(G39:R39,TRUE)/COUNTA(G39:R39) -> 0

Sheet SG Website Plan
A1: SG Website 24/08/2026 | F1: Progress
A2: S | B2: SG Webiste Project | C2: Resp | D2: Start Date | E2: End Date | F2: Project concept approval | G2: Project paln & approval | H2: Implementaion
H3: CEO | I3: AI | J3: FUP | K3: Missing | L3: Done
B4: Planning & Setup | N4: STATUS SUMMARY
A5: 1 | B5: Planning & Determine Goals | C5: IA - MM | D5: 46242 | E5: 46243 | F5: TRUE | G5: TRUE | H5: TRUE | I5: TRUE | J5: TRUE | K5: =IF(COUNTA(F5:J5)=0,"",1-L5) -> 0 | L5: =IF(COUNTA(F5:J5)=0,"",COUNTIF(F5:J5,TRUE)/COUNTA(F5:J5)) -> 1 | N5: Done | O5: =COUNTIFS($L$4:$L$89,1) -> 28 | P5: =IFERROR(O5/O$9,0) -> 0.93333333
A6: 2 | B6: Get Hostigator Credentials | C6: AE | D6: 46242 | E6: 46243 | F6: TRUE | G6: TRUE | H6: TRUE | I6: TRUE | J6: TRUE | K6: =IF(COUNTA(F6:J6)=0,"",1-L6) -> 0 | L6: =IF(COUNTA(F6:J6)=0,"",COUNTIF(F6:J6,TRUE)/COUNTA(F6:J6)) -> 1 | N6: In progress / Pending | O6: =COUNTIFS($L$4:$L$89,">0",$L$4:$L$89,"<1") -> 2 | P6: =IFERROR(O6/O$9,0) -> 0.066666667
B7: Branding & Design | N7: Backlog / Not started | O7: =COUNTIFS($L$4:$L$89,0) -> 0 | P7: =IFERROR(O7/O$9,0) -> 0
A8: 3 | B8: Desgining Logo | C8: IA | D8: 46242 | E8: 46243 | F8: TRUE | G8: TRUE | H8: TRUE | I8: TRUE | J8: TRUE | K8: =IF(COUNTA(F8:J8)=0,"",1-L8) -> 0 | L8: =IF(COUNTA(F8:J8)=0,"",COUNTIF(F8:J8,TRUE)/COUNTA(F8:J8)) -> 1 | N8: Overall completion | O8: =IFERROR(AVERAGE($L$4:$L$89),0) -> 0.97333333
A9: 4 | B9: Create Branding: | C9: IA | D9: 46243 | E9: 46244 | F9: TRUE | G9: TRUE | H9: TRUE | I9: TRUE | J9: TRUE | K9: =IF(COUNTA(F9:J9)=0,"",1-L9) -> 0 | L9: =IF(COUNTA(F9:J9)=0,"",COUNTIF(F9:J9,TRUE)/COUNTA(F9:J9)) -> 1 | N9: Total tasks | O9: =COUNT($L$4:$L$89) -> 30
A10: 5 | B10: * Branding Book | C10: IA | D10: 46242 | E10: 46244 | F10: TRUE | G10: TRUE | H10: TRUE | I10: TRUE | J10: TRUE | K10: =IF(COUNTA(F10:J10)=0,"",1-L10) -> 0 | L10: =IF(COUNTA(F10:J10)=0,"",COUNTIF(F10:J10,TRUE)/COUNTA(F10:J10)) -> 1
A11: 6 | B11: * Logo with Background removal | C11: IA | D11: 46243 | E11: 46243 | F11: TRUE | G11: TRUE | H11: TRUE | I11: TRUE | J11: TRUE | K11: =IF(COUNTA(F11:J11)=0,"",1-L11) -> 0 | L11: =IF(COUNTA(F11:J11)=0,"",COUNTIF(F11:J11,TRUE)/COUNTA(F11:J11)) -> 1
A12: 7 | B12: * Color Palette | C12: IA | D12: 46243 | E12: 46243 | F12: TRUE | G12: TRUE | H12: TRUE | I12: TRUE | J12: TRUE | K12: =IF(COUNTA(F12:J12)=0,"",1-L12) -> 0 | L12: =IF(COUNTA(F12:J12)=0,"",COUNTIF(F12:J12,TRUE)/COUNTA(F12:J12)) -> 1
B13: UI Design
A14: 8 | B14: Design UI For Desktop | C14: IA | D14: 46247 | E14: 46250 | F14: TRUE | G14: TRUE | H14: TRUE | I14: TRUE | J14: TRUE | K14: =IF(COUNTA(F14:J14)=0,"",1-L14) -> 0 | L14: =IF(COUNTA(F14:J14)=0,"",COUNTIF(F14:J14,TRUE)/COUNTA(F14:J14)) -> 1
A15: 9 | B15: Design UI For Phone | C15: IA | D15: 46247 | E15: 46250 | F15: TRUE | G15: TRUE | H15: TRUE | I15: TRUE | J15: TRUE | K15: =IF(COUNTA(F15:J15)=0,"",1-L15) -> 0 | L15: =IF(COUNTA(F15:J15)=0,"",COUNTIF(F15:J15,TRUE)/COUNTA(F15:J15)) -> 1
B16: Content Writing
A17: 10 | B17: Get Soliman Group Content Writing | C17: IA - MM | D17: 46244 | E17: 46246 | F17: TRUE | G17: TRUE | H17: TRUE | I17: TRUE | J17: TRUE | K17: =IF(COUNTA(F17:J17)=0,"",1-L17) -> 0 | L17: =IF(COUNTA(F17:J17)=0,"",COUNTIF(F17:J17,TRUE)/COUNTA(F17:J17)) -> 1
A18: 11 | B18: Get Trio Catering Content Writing | C18: IA - MM | D18: 46244 | E18: 46246 | F18: TRUE | G18: TRUE | H18: TRUE | I18: TRUE | J18: TRUE | K18: =IF(COUNTA(F18:J18)=0,"",1-L18) -> 0 | L18: =IF(COUNTA(F18:J18)=0,"",COUNTIF(F18:J18,TRUE)/COUNTA(F18:J18)) -> 1
A19: 12 | B19: Get Trio Café(In Premesis) Content Writing | C19: IA - MM | D19: 46244 | E19: 46246 | F19: TRUE | G19: TRUE | H19: TRUE | I19: TRUE | J19: TRUE | K19: =IF(COUNTA(F19:J19)=0,"",1-L19) -> 0 | L19: =IF(COUNTA(F19:J19)=0,"",COUNTIF(F19:J19,TRUE)/COUNTA(F19:J19)) -> 1
A20: 13 | B20: Get Trio Academy Content Writing | C20: IA - MM | D20: 46244 | E20: 46246 | F20: TRUE | G20: TRUE | H20: TRUE | I20: TRUE | J20: TRUE | K20: =IF(COUNTA(F20:J20)=0,"",1-L20) -> 0 | L20: =IF(COUNTA(F20:J20)=0,"",COUNTIF(F20:J20,TRUE)/COUNTA(F20:J20)) -> 1
A21: 14 | B21: Get Trio The Cloud Chefs Content Writing | C21: IA - MM | D21: 46244 | E21: 46246 | F21: TRUE | G21: TRUE | H21: TRUE | I21: TRUE | J21: TRUE | K21: =IF(COUNTA(F21:J21)=0,"",1-L21) -> 0 | L21: =IF(COUNTA(F21:J21)=0,"",COUNTIF(F21:J21,TRUE)/COUNTA(F21:J21)) -> 1
A22: 15 | B22: Get Trio Events Content Writing | C22: IA - MM | D22: 46244 | E22: 46246 | F22: TRUE | G22: TRUE | H22: TRUE | I22: TRUE | J22: TRUE | K22: =IF(COUNTA(F22:J22)=0,"",1-L22) -> 0 | L22: =IF(COUNTA(F22:J22)=0,"",COUNTIF(F22:J22,TRUE)/COUNTA(F22:J22)) -> 1
A23: 16 | B23: Get EFS Content Writing | C23: IA - MM | D23: 46244 | E23: 46246 | F23: TRUE | G23: TRUE | H23: TRUE | I23: TRUE | J23: TRUE | K23: =IF(COUNTA(F23:J23)=0,"",1-L23) -> 0 | L23: =IF(COUNTA(F23:J23)=0,"",COUNTIF(F23:J23,TRUE)/COUNTA(F23:J23)) -> 1
A24: 17 | B24: Get Proc Content Writing | C24: IA - MM | D24: 46244 | E24: 46246 | F24: TRUE | G24: TRUE | H24: FALSE | I24: FALSE | J24: FALSE | K24: =IF(COUNTA(F24:J24)=0,"",1-L24) -> 0.6 | L24: =IF(COUNTA(F24:J24)=0,"",COUNTIF(F24:J24,TRUE)/COUNTA(F24:J24)) -> 0.4
A25: 18 | B25: Get SS&C Content Writing | C25: IA - MM | D25: 46244 | E25: 46246 | F25: TRUE | G25: TRUE | H25: TRUE | I25: TRUE | J25: FALSE | K25: =IF(COUNTA(F25:J25)=0,"",1-L25) -> 0.2 | L25: =IF(COUNTA(F25:J25)=0,"",COUNTIF(F25:J25,TRUE)/COUNTA(F25:J25)) -> 0.8
B26: Development & Coding
A27: 19 | B27: Start Coding | C27: IA | D27: 46251 | E27: 46254 | F27: TRUE | G27: TRUE | H27: TRUE | I27: TRUE | J27: TRUE | K27: =IF(COUNTA(F27:J27)=0,"",1-L27) -> 0 | L27: =IF(COUNTA(F27:J27)=0,"",COUNTIF(F27:J27,TRUE)/COUNTA(F27:J27)) -> 1
A28: 20 | B28: feat: implement foundational brand pages, layouts, and motion components for the Soliman Group website | C28: IA | D28: 46257 | E28: 46257 | F28: TRUE | G28: TRUE | H28: TRUE | I28: TRUE | J28: TRUE | K28: =IF(COUNTA(F28:J28)=0,"",1-L28) -> 0 | L28: =IF(COUNTA(F28:J28)=0,"",COUNTIF(F28:J28,TRUE)/COUNTA(F28:J28)) -> 1
A29: 21 | B29: feat: implement brand and corporate page layouts, section components, and motion-enhanced UI elements | C29: IA | D29: 46254 | E29: 46254 | F29: TRUE | G29: TRUE | H29: TRUE | I29: TRUE | J29: TRUE | K29: =IF(COUNTA(F29:J29)=0,"",1-L29) -> 0 | L29: =IF(COUNTA(F29:J29)=0,"",COUNTIF(F29:J29,TRUE)/COUNTA(F29:J29)) -> 1
A30: 22 | B30: feat: implement Trio Catering content, mobile navigation components, and immersive home hero section | C30: IA | D30: 46250 | E30: 46250 | F30: TRUE | G30: TRUE | H30: TRUE | I30: TRUE | J30: TRUE | K30: =IF(COUNTA(F30:J30)=0,"",1-L30) -> 0 | L30: =IF(COUNTA(F30:J30)=0,"",COUNTIF(F30:J30,TRUE)/COUNTA(F30:J30)) -> 1
A31: 23 | B31: perf: cut image weight, throttle 3D scene, defer video preload | C31: IA | D31: 46247 | E31: 46247 | F31: TRUE | G31: TRUE | H31: TRUE | I31: TRUE | J31: TRUE | K31: =IF(COUNTA(F31:J31)=0,"",1-L31) -> 0 | L31: =IF(COUNTA(F31:J31)=0,"",COUNTIF(F31:J31,TRUE)/COUNTA(F31:J31)) -> 1
B32: Reviews (QA Checkpoints)
A33: 24 | B33: Review | C33: MAS - MM | D33: 46244 | E33: 46244 | F33: TRUE | G33: TRUE | H33: TRUE | I33: TRUE | J33: TRUE | K33: =IF(COUNTA(F33:J33)=0,"",1-L33) -> 0 | L33: =IF(COUNTA(F33:J33)=0,"",COUNTIF(F33:J33,TRUE)/COUNTA(F33:J33)) -> 1
A34: 25 | B34: Review | C34: MAS - MM | D34: 46250 | E34: 46251 | F34: TRUE | G34: TRUE | H34: TRUE | I34: TRUE | J34: TRUE | K34: =IF(COUNTA(F34:J34)=0,"",1-L34) -> 0 | L34: =IF(COUNTA(F34:J34)=0,"",COUNTIF(F34:J34,TRUE)/COUNTA(F34:J34)) -> 1
A35: 26 | B35: Review | C35: MAS - MM | D35: 46254 | E35: 46255 | F35: TRUE | G35: TRUE | H35: TRUE | I35: TRUE | J35: TRUE | K35: =IF(COUNTA(F35:J35)=0,"",1-L35) -> 0 | L35: =IF(COUNTA(F35:J35)=0,"",COUNTIF(F35:J35,TRUE)/COUNTA(F35:J35)) -> 1
B36: Deployment & Launch
A37: 27 | B37: Upload Website to Server | C37: IA | D37: 46255 | E37: 46257 | F37: TRUE | G37: TRUE | H37: TRUE | I37: TRUE | J37: TRUE | K37: =IF(COUNTA(F37:J37)=0,"",1-L37) -> 0 | L37: =IF(COUNTA(F37:J37)=0,"",COUNTIF(F37:J37,TRUE)/COUNTA(F37:J37)) -> 1
A38: 28 | B38: feat: add HostGator deployment automation script and requirement documentation | C38: IA | D38: 46251 | E38: 46251 | F38: TRUE | G38: TRUE | H38: TRUE | I38: TRUE | J38: TRUE | K38: =IF(COUNTA(F38:J38)=0,"",1-L38) -> 0 | L38: =IF(COUNTA(F38:J38)=0,"",COUNTIF(F38:J38,TRUE)/COUNTA(F38:J38)) -> 1
B39: Post-Launch Updates
A40: 29 | B40: Update website based on requirements | C40: IA | D40: 46249 | E40: 46252 | F40: TRUE | G40: TRUE | H40: TRUE | I40: TRUE | J40: TRUE | K40: =IF(COUNTA(F40:J40)=0,"",1-L40) -> 0 | L40: =IF(COUNTA(F40:J40)=0,"",COUNTIF(F40:J40,TRUE)/COUNTA(F40:J40)) -> 1
A41: 30 | B41: feat: add Trio Catering managed by EFS image asset | C41: IA | D41: 46257 | E41: 46257 | F41: TRUE | G41: TRUE | H41: TRUE | I41: TRUE | J41: TRUE | K41: =IF(COUNTA(F41:J41)=0,"",1-L41) -> 0 | L41: =IF(COUNTA(F41:J41)=0,"",COUNTIF(F41:J41,TRUE)/COUNTA(F41:J41)) -> 1

Sheet Food Safety Program
A1: AI Projects Plan 24/08/2026 | F1: Progress | P1: STATUS SUMMARY
A2: S | B2: ='AI Projects Plan'!B5 -> LMS Food Safety Standards Project | C2: Resp | D2: Start Date | E2: End Date | F2: Project concept approval | G2: Project paln & approval | H2: Implementaion | P2: Done | Q2: =COUNTIFS($O$4:$O$65,1) -> 49 | R2: =IFERROR(Q2/Q$6,0) -> 0.79032258
H3: CEO | I3: AI | J3: HR | K3: FS | L3: OPS | M3: FUP | N3: Missing | O3: Done | P3: In progress / Pending | Q3: =COUNTIFS($O$4:$O$65,">0",$O$4:$O$65,"<1") -> 13 | R3: =IFERROR(Q3/Q$6,0) -> 0.20967742
A4: 1 | B4: Review SOPs material | C4: MAS - MM - DR.A | D4: 46177 | E4: 46207 | F4: TRUE | G4: TRUE | H4: TRUE | I4: TRUE | J4: TRUE | K4: TRUE | L4: TRUE | M4: TRUE | N4: =1-O4 -> 0 | O4: =COUNTIF(F4:M4,TRUE)/COUNTA(F4:M4) -> 1 | P4: Backlog / Not started | Q4: =COUNTIFS($O$4:$O$65,0) -> 0 | R4: =IFERROR(Q4/Q$6,0) -> 0
A5: 2 | B5: Approve SOPs material | C5: MAS | D5: 46207 | E5: 46207 | F5: TRUE | G5: TRUE | H5: TRUE | I5: TRUE | J5: TRUE | K5: TRUE | L5: TRUE | M5: TRUE | N5: =1-O5 -> 0 | O5: =COUNTIF(F5:M5,TRUE)/COUNTA(F5:M5) -> 1 | P5: Overall completion | Q5: =IFERROR(AVERAGE($O$4:$O$65),0) -> 0.8891129
A6: 3 | B6: Purchase LMS Requirements | C6: MAS - MM - F | D6: 46207 | E6: 46209 | F6: TRUE | G6: TRUE | H6: TRUE | I6: TRUE | J6: TRUE | K6: TRUE | L6: TRUE | M6: TRUE | N6: =1-O6 -> 0 | O6: =COUNTIF(F6:M6,TRUE)/COUNTA(F6:M6) -> 1 | P6: Total tasks | Q6: =COUNT($O$4:$O$65) -> 62
A7: 4 | B7: Upload LMS and Setup on the Server | C7: IA | D7: 46208 | E7: 46211 | F7: TRUE | G7: TRUE | H7: TRUE | I7: TRUE | J7: TRUE | K7: TRUE | L7: TRUE | M7: TRUE | N7: =1-O7 -> 0 | O7: =COUNTIF(F7:M7,TRUE)/COUNTA(F7:M7) -> 1
A8: 5 | B8: Initialize the Full website and Create All Employee Accounts | C8: IA | D8: 46210 | E8: 46213 | F8: TRUE | G8: TRUE | H8: TRUE | I8: TRUE | J8: TRUE | K8: TRUE | L8: TRUE | M8: TRUE | N8: =1-O8 -> 0 | O8: =COUNTIF(F8:M8,TRUE)/COUNTA(F8:M8) -> 1
A9: 6 | B9: Agree on concept of video presenter with side slide of info in writing | C9: MAS - IA - MM | D9: 46210 | E9: 46213 | F9: TRUE | G9: TRUE | H9: TRUE | I9: TRUE | J9: TRUE | K9: TRUE | L9: TRUE | M9: TRUE | N9: =1-O9 -> 0 | O9: =COUNTIF(F9:M9,TRUE)/COUNTA(F9:M9) -> 1
A10: 7 | B10: Agree on the right tool to make the video | C10: MAS&IA | D10: 46210 | E10: 46213 | F10: TRUE | G10: TRUE | H10: TRUE | I10: TRUE | J10: TRUE | K10: TRUE | L10: TRUE | M10: TRUE | N10: =1-O10 -> 0 | O10: =COUNTIF(F10:M10,TRUE)/COUNTA(F10:M10) -> 1
A11: 8 | B11: Create All Employee Accounts | C11: IA | D11: 46226 | E11: 46228 | F11: TRUE | G11: TRUE | H11: TRUE | I11: TRUE | J11: TRUE | K11: TRUE | L11: TRUE | M11: TRUE | N11: =1-O11 -> 0 | O11: =COUNTIF(F11:M11,TRUE)/COUNTA(F11:M11) -> 1
A12: 9 | B12: Update Exam Security | C12: IA | D12: 46225 | E12: 46228 | F12: TRUE | G12: TRUE | H12: TRUE | I12: TRUE | J12: TRUE | K12: TRUE | L12: TRUE | M12: TRUE | N12: =1-O12 -> 0 | O12: =COUNTIF(F12:M12,TRUE)/COUNTA(F12:M12) -> 1
A13: 10 | B13: Food Safety Exam | C13: IA | D13: 46225 | E13: 46228 | F13: TRUE | G13: TRUE | H13: TRUE | I13: TRUE | J13: TRUE | K13: TRUE | L13: TRUE | M13: TRUE | N13: =1-O13 -> 0 | O13: =COUNTIF(F13:M13,TRUE)/COUNTA(F13:M13) -> 1
A14: 12 | B14: Present LMS | C14: IA | D14: 46221 | E14: 46221 | F14: TRUE | G14: TRUE | H14: TRUE | I14: TRUE | J14: TRUE | K14: TRUE | L14: TRUE | M14: TRUE | N14: =1-O14 -> 0 | O14: =COUNTIF(F14:M14,TRUE)/COUNTA(F14:M14) -> 1
A15: 12.363636 | B15: Enhance Report page to track Employee | C15: IA | D15: 46230 | E15: 46239 | F15: TRUE | G15: TRUE | H15: TRUE | I15: TRUE | J15: TRUE | K15: TRUE | L15: TRUE | M15: TRUE | N15: =1-O15 -> 0 | O15: =COUNTIF(F15:M15,TRUE)/COUNTA(F15:M15) -> 1
A16: 13.409091 | B16: * Overview & Compliance | C16: IA | D16: 46230 | E16: 46239 | F16: TRUE | G16: TRUE | H16: TRUE | I16: TRUE | J16: TRUE | K16: TRUE | L16: TRUE | M16: TRUE | N16: =1-O16 -> 0 | O16: =COUNTIF(F16:M16,TRUE)/COUNTA(F16:M16) -> 1
A17: 14.454545 | B17: * Employee Directory | C17: IA | D17: 46230 | E17: 46239 | F17: TRUE | G17: TRUE | H17: TRUE | I17: TRUE | J17: TRUE | K17: TRUE | L17: TRUE | M17: TRUE | N17: =1-O17 -> 0 | O17: =COUNTIF(F17:M17,TRUE)/COUNTA(F17:M17) -> 1
A18: 15.5 | B18: * Course Performance | C18: IA | D18: 46230 | E18: 46239 | F18: TRUE | G18: TRUE | H18: TRUE | I18: TRUE | J18: TRUE | K18: TRUE | L18: TRUE | M18: TRUE | N18: =1-O18 -> 0 | O18: =COUNTIF(F18:M18,TRUE)/COUNTA(F18:M18) -> 1
... A69: 82.409091 | B69: Design Managerial Level Photo | C69: IA | D69: 46258 | E69: 46259 | F69: TRUE | G69: TRUE | H69: FALSE | I69: FALSE | J69: FALSE | K69: FALSE | L69: FALSE | M69: FALSE | N69: =1-O69 -> 0.75 | O69: =COUNTIF(F69:M69,TRUE)/COUNTA(F69:M69) -> 0.25

Sheet Trio Academy(LMS)
A1: Trio Academy (LMS) — Technical Tasks Plan | M1: STATUS SUMMARY
A2: S | B2: Trio Academy LMS — Dev | C2: Resp | D2: Start Date | E2: End Date | F2: Implementation | M2: Done | N2: =COUNTIFS($L$4:$L$164,1) -> 159 | O2: =IFERROR(N2/N$6,0) -> 0.98757764
F3: Brainstorming | G3: Plan | H3: Execute | I3: Test | J3: Redeploy | K3: Missing | L3: Done | M3: In progress / Pending | N3: =COUNTIFS($L$4:$L$164,">0",$L$4:$L$164,"<1") -> 2 | O3: =IFERROR(N3/N$6,0) -> 0.01242236
A4: 1 | B4: Purchase LMS Requirements | C4: MAS - MM - F | D4: 46207 | E4: 46209 | F4: TRUE | G4: TRUE | H4: TRUE | I4: TRUE | J4: TRUE | K4: =1-L4 -> 0 | L4: =COUNTIF(F4:J4,TRUE)/COUNTA(F4:J4) -> 1 | M4: Backlog / Not started | N4: =COUNTIFS($L$4:$L$164,0) -> 0 | O4: =IFERROR(N4/N$6,0) -> 0
A5: 2 | B5: Upload LMS and Setup on the Server | C5: IA | D5: 46208 | E5: 46211 | F5: TRUE | G5: TRUE | H5: TRUE | I5: TRUE | J5: TRUE | K5: =1-L5 -> 0 | L5: =COUNTIF(F5:J5,TRUE)/COUNTA(F5:J5) -> 1 | M5: Overall completion | N5: =IFERROR(AVERAGE($L$4:$L$164),0) -> 0.99378882
A6: 3 | B6: Initialize the Full website and Create All Employee Accounts | C6: IA | D6: 46210 | E6: 46213 | F6: TRUE | G6: TRUE | H6: TRUE | I6: TRUE | J6: TRUE | K6: =1-L6 -> 0 | L6: =COUNTIF(F6:J6,TRUE)/COUNTA(F6:J6) -> 1 | M6: Total tasks | N6: =COUNT($L$4:$L$164) -> 161
A7: 4 | B7: Upload the full project | C7: IA | D7: 46219 | E7: 46219 | F7: TRUE | G7: TRUE | H7: TRUE | I7: TRUE | J7: TRUE | K7: =1-L7 -> 0 | L7: =COUNTIF(F7:J7,TRUE)/COUNTA(F7:J7) -> 1
A8: 5 | B8: Implement admin resource management system with CRUD and versioning capabilities | C8: IA | D8: 46221 | E8: 46221 | F8: TRUE | G8: TRUE | H8: TRUE | I8: TRUE | J8: TRUE | K8: =1-L8 -> 0 | L8: =COUNTIF(F8:J8,TRUE)/COUNTA(F8:J8) -> 1 | M8: Overall completion | N8: =IFERROR(AVERAGE($L$7:$L$159),0) -> 0.99738562
A9: 6 | B9: Implement LearningService for course progress tracking and add CourseDetail pages with RTL support | C9: IA | D9: 46221 | E9: 46221 | F9: TRUE | G9: TRUE | H9: TRUE | I9: TRUE | J9: TRUE | K9: =1-L9 -> 0 | L9: =COUNTIF(F9:J9,TRUE)/COUNTA(F9:J9) -> 1 | M9: Total tasks | N9: =COUNT($L$7:$L$159) -> 153
A10: 7 | B10: Implement admin certificate management module including issuance, revocation, and template design capabilities | C10: IA | D10: 46221 | E10: 46221 | F10: TRUE | G10: TRUE | H10: TRUE | I10: TRUE | J10: TRUE | K10: =1-L10 -> 0 | L10: =COUNTIF(F10:J10,TRUE)/COUNTA(F10:J10) -> 1
A11: 8 | B11: Implement secure exam window with randomization, auto-save, and anti-cheating features | C11: IA | D11: 46221 | E11: 46221 | F11: TRUE | G11: TRUE | H11: TRUE | I11: TRUE | J11: TRUE | K11: =1-L11 -> 0 | L11: =COUNTIF(F11:J11,TRUE)/COUNTA(F11:J11) -> 1
A12: 9 | B12: Implement secure exam interface with tab-guarding, auto-saving, and anti-cheat security measures | C12: IA | D12: 46221 | E12: 46221 | F12: TRUE | G12: TRUE | H12: TRUE | I12: TRUE | J12: TRUE | K12: =1-L12 -> 0 | L12: =COUNTIF(F12:J12,TRUE)/COUNTA(F12:J12) -> 1
A13: 10 | B13: Implement core API hooks, TypeScript definitions, and UI components for certificate viewing and exam management pages. | C13: IA | D13: 46221 | E13: 46221 | F13: TRUE | G13: TRUE | H13: TRUE | I13: TRUE | J13: TRUE | K13: =1-L13 -> 0 | L13: =COUNTIF(F13:J13,TRUE)/COUNTA(F13:J13) -> 1
A14: 11 | B14: Add Arabic and English Certificate assessment hubs with course tracking and exam request functionality | C14: IA | D14: 46221 | E14: 46221 | F14: TRUE | G14: TRUE | H14: TRUE | I14: TRUE | J14: TRUE | K14: =1-L14 -> 0 | L14: =COUNTIF(F14:J14,TRUE)/COUNTA(F14:J14) -> 1
A15: 12 | B15: Implement learning service and add dashboard and certificate pages | C15: IA | D15: 46221 | E15: 46221 | F15: TRUE | G15: TRUE | H15: TRUE | I15: TRUE | J15: TRUE | K15: =1-L15 -> 0 | L15: =COUNTIF(F15:J15,TRUE)/COUNTA(F15:J15) -> 1
A16: 13 | B16: Implement Arabic language support and assessment hub for certificate tracking | C16: IA | D16: 46221 | E16: 46221 | F16: TRUE | G16: TRUE | H16: TRUE | I16: TRUE | J16: TRUE | K16: =1-L16 -> 0 | L16: =COUNTIF(F16:J16,TRUE)/COUNTA(F16:J16) -> 1
A17: 14 | B17: Implement LearningService for course management and dashboard tracking, and add supporting infrastructure configurations | C17: IA | D17: 46221 | E17: 46221 | F17: TRUE | G17: TRUE | H17: TRUE | I17: TRUE | J17: TRUE | K17: =1-L17 -> 0 | L17: =COUNTIF(F17:J17,TRUE)/COUNTA(F17:J17) -> 1
A18: 15 | B18: Implement certificate page functionality with new API hooks and bilingual support | C18: IA | D18: 46221 | E18: 46221 | F18: TRUE | G18: TRUE | H18: TRUE | I18: TRUE | J18: TRUE | K18: =1-L18 -> 0 | L18: =COUNTIF(F18:J18,TRUE)/COUNTA(F18:J18) -> 1
A19: 16 | B19: Implement learning dashboard, backend services, and exam progress tracking hooks | C19: IA | D19: 46221 | E19: 46221 | F19: TRUE | G19: TRUE | H19: TRUE | I19: TRUE | J19: TRUE | K19: =1-L19 -> 0 | L19: =COUNTIF(F19:J19,TRUE)/COUNTA(F19:J19) -> 1
A20: 17 | B20: Implement localized login pages and add utility helpers for ID display and class merging | C20: IA | D20: 46221 | E20: 46221 | F20: TRUE | G20: TRUE | H20: TRUE | I20: TRUE | J20: TRUE | K20: =1-L20 -> 0 | L20: =COUNTIF(F20:J20,TRUE)/COUNTA(F20:J20) -> 1
A21: 18 | B21: Implement UserService and migration to support company-level username formatting | C21: IA | D21: 46221 | E21: 46221 | F21: TRUE | G21: TRUE | H21: TRUE | I21: TRUE | J21: TRUE | K21: =1-L21 -> 0 | L21: =COUNTIF(F21:J21,TRUE)/COUNTA(F21:J21) -> 1
... A164: 161 | B164: Admin pass/fail status override, retake grant, and threshold recalculation | C164: IA | D164: 46271 | E164: 46272 | F164: TRUE | G164: TRUE | H164: TRUE | I164: TRUE | J164: TRUE | K164: =1-L164 -> 0 | L164: =COUNTIF(F164:J164,TRUE)/COUNTA(F164:J164) -> 1
